dept_name,gender,emp_no,from_date,to_date,calender_year,active
Marketing,M,110022,30-12-1995,29-12-1998,1990,0
Marketing,M,110022,30-12-1995,29-12-1998,1991,0
Marketing,M,110022,30-12-1995,29-12-1998,1992,0
Marketing,M,110022,30-12-1995,29-12-1998,1993,0
Marketing,M,110022,30-12-1995,29-12-1998,1994,0
Marketing,M,110022,30-12-1995,29-12-1998,1995,1
Marketing,M,110022,30-12-1995,29-12-1998,1996,1
Marketing,M,110022,30-12-1995,29-12-1998,1997,1
Marketing,M,110022,30-12-1995,29-12-1998,1998,1
Marketing,M,110022,30-12-1995,29-12-1998,1999,0
Marketing,M,110022,30-12-1995,29-12-1998,2000,0
Marketing,M,110039,09-04-1997,01-01-9999,1990,0
Marketing,M,110039,09-04-1997,01-01-9999,1991,0
Marketing,M,110039,09-04-1997,01-01-9999,1992,0
Marketing,M,110039,09-04-1997,01-01-9999,1993,0
Marketing,M,110039,09-04-1997,01-01-9999,1994,0
Marketing,M,110039,09-04-1997,01-01-9999,1995,0
Marketing,M,110039,09-04-1997,01-01-9999,1996,0
Marketing,M,110039,09-04-1997,01-01-9999,1997,1
Marketing,M,110039,09-04-1997,01-01-9999,1998,1
Marketing,M,110039,09-04-1997,01-01-9999,1999,1
Marketing,M,110039,09-04-1997,01-01-9999,2000,1
Marketing,M,110040,31-12-1991,29-12-1997,1990,0
Marketing,M,110040,31-12-1991,29-12-1997,1991,1
Marketing,M,110040,31-12-1991,29-12-1997,1992,1
Marketing,M,110040,31-12-1991,29-12-1997,1993,1
Marketing,M,110040,31-12-1991,29-12-1997,1994,1
Marketing,M,110040,31-12-1991,29-12-1997,1995,1
Marketing,M,110040,31-12-1991,29-12-1997,1996,1
Marketing,M,110040,31-12-1991,29-12-1997,1997,1
Marketing,M,110040,31-12-1991,29-12-1997,1998,0
Marketing,M,110040,31-12-1991,29-12-1997,1999,0
Marketing,M,110040,31-12-1991,29-12-1997,2000,0
Marketing,F,110041,02-08-1993,01-08-1998,1990,0
Marketing,F,110041,02-08-1993,01-08-1998,1991,0
Marketing,F,110041,02-08-1993,01-08-1998,1992,0
Marketing,F,110041,02-08-1993,01-08-1998,1993,1
Marketing,F,110041,02-08-1993,01-08-1998,1994,1
Marketing,F,110041,02-08-1993,01-08-1998,1995,1
Marketing,F,110041,02-08-1993,01-08-1998,1996,1
Marketing,F,110041,02-08-1993,01-08-1998,1997,1
Marketing,F,110041,02-08-1993,01-08-1998,1998,1
Marketing,F,110041,02-08-1993,01-08-1998,1999,0
Marketing,F,110041,02-08-1993,01-08-1998,2000,0
Marketing,M,110042,30-12-1993,28-12-2000,1990,0
Marketing,M,110042,30-12-1993,28-12-2000,1991,0
Marketing,M,110042,30-12-1993,28-12-2000,1992,0
Marketing,M,110042,30-12-1993,28-12-2000,1993,1
Marketing,M,110042,30-12-1993,28-12-2000,1994,1
Marketing,M,110042,30-12-1993,28-12-2000,1995,1
Marketing,M,110042,30-12-1993,28-12-2000,1996,1
Marketing,M,110042,30-12-1993,28-12-2000,1997,1
Marketing,M,110042,30-12-1993,28-12-2000,1998,1
Marketing,M,110042,30-12-1993,28-12-2000,1999,1
Marketing,M,110042,30-12-1993,28-12-2000,2000,1
Marketing,F,110043,20-11-1992,19-11-1997,1990,0
Marketing,F,110043,20-11-1992,19-11-1997,1991,0
Marketing,F,110043,20-11-1992,19-11-1997,1992,1
Marketing,F,110043,20-11-1992,19-11-1997,1993,1
Marketing,F,110043,20-11-1992,19-11-1997,1994,1
Marketing,F,110043,20-11-1992,19-11-1997,1995,1
Marketing,F,110043,20-11-1992,19-11-1997,1996,1
Marketing,F,110043,20-11-1992,19-11-1997,1997,1
Marketing,F,110043,20-11-1992,19-11-1997,1998,0
Marketing,F,110043,20-11-1992,19-11-1997,1999,0
Marketing,F,110043,20-11-1992,19-11-1997,2000,0
Marketing,F,110044,13-10-1995,11-10-2000,1990,0
Marketing,F,110044,13-10-1995,11-10-2000,1991,0
Marketing,F,110044,13-10-1995,11-10-2000,1992,0
Marketing,F,110044,13-10-1995,11-10-2000,1993,0
Marketing,F,110044,13-10-1995,11-10-2000,1994,0
Marketing,F,110044,13-10-1995,11-10-2000,1995,1
Marketing,F,110044,13-10-1995,11-10-2000,1996,1
Marketing,F,110044,13-10-1995,11-10-2000,1997,1
Marketing,F,110044,13-10-1995,11-10-2000,1998,1
Marketing,F,110044,13-10-1995,11-10-2000,1999,1
Marketing,F,110044,13-10-1995,11-10-2000,2000,1
Marketing,M,110045,04-02-1995,01-01-9999,1990,0
Marketing,M,110045,04-02-1995,01-01-9999,1991,0
Marketing,M,110045,04-02-1995,01-01-9999,1992,0
Marketing,M,110045,04-02-1995,01-01-9999,1993,0
Marketing,M,110045,04-02-1995,01-01-9999,1994,0
Marketing,M,110045,04-02-1995,01-01-9999,1995,1
Marketing,M,110045,04-02-1995,01-01-9999,1996,1
Marketing,M,110045,04-02-1995,01-01-9999,1997,1
Marketing,M,110045,04-02-1995,01-01-9999,1998,1
Marketing,M,110045,04-02-1995,01-01-9999,1999,1
Marketing,M,110045,04-02-1995,01-01-9999,2000,1
Marketing,F,110046,29-12-1996,28-12-2002,1990,0
Marketing,F,110046,29-12-1996,28-12-2002,1991,0
Marketing,F,110046,29-12-1996,28-12-2002,1992,0
Marketing,F,110046,29-12-1996,28-12-2002,1993,0
Marketing,F,110046,29-12-1996,28-12-2002,1994,0
Marketing,F,110046,29-12-1996,28-12-2002,1995,0
Marketing,F,110046,29-12-1996,28-12-2002,1996,1
Marketing,F,110046,29-12-1996,28-12-2002,1997,1
Marketing,F,110046,29-12-1996,28-12-2002,1998,1
Marketing,F,110046,29-12-1996,28-12-2002,1999,1
Marketing,F,110046,29-12-1996,28-12-2002,2000,1
Marketing,F,110047,06-01-1993,05-01-1999,1990,0
Marketing,F,110047,06-01-1993,05-01-1999,1991,0
Marketing,F,110047,06-01-1993,05-01-1999,1992,0
Marketing,F,110047,06-01-1993,05-01-1999,1993,1
Marketing,F,110047,06-01-1993,05-01-1999,1994,1
Marketing,F,110047,06-01-1993,05-01-1999,1995,1
Marketing,F,110047,06-01-1993,05-01-1999,1996,1
Marketing,F,110047,06-01-1993,05-01-1999,1997,1
Marketing,F,110047,06-01-1993,05-01-1999,1998,1
Marketing,F,110047,06-01-1993,05-01-1999,1999,1
Marketing,F,110047,06-01-1993,05-01-1999,2000,0
Marketing,M,110048,10-08-1994,09-08-1999,1990,0
Marketing,M,110048,10-08-1994,09-08-1999,1991,0
Marketing,M,110048,10-08-1994,09-08-1999,1992,0
Marketing,M,110048,10-08-1994,09-08-1999,1993,0
Marketing,M,110048,10-08-1994,09-08-1999,1994,1
Marketing,M,110048,10-08-1994,09-08-1999,1995,1
Marketing,M,110048,10-08-1994,09-08-1999,1996,1
Marketing,M,110048,10-08-1994,09-08-1999,1997,1
Marketing,M,110048,10-08-1994,09-08-1999,1998,1
Marketing,M,110048,10-08-1994,09-08-1999,1999,1
Marketing,M,110048,10-08-1994,09-08-1999,2000,0
Marketing,M,110049,09-06-1991,07-06-1999,1990,0
Marketing,M,110049,09-06-1991,07-06-1999,1991,1
Marketing,M,110049,09-06-1991,07-06-1999,1992,1
Marketing,M,110049,09-06-1991,07-06-1999,1993,1
Marketing,M,110049,09-06-1991,07-06-1999,1994,1
Marketing,M,110049,09-06-1991,07-06-1999,1995,1
Marketing,M,110049,09-06-1991,07-06-1999,1996,1
Marketing,M,110049,09-06-1991,07-06-1999,1997,1
Marketing,M,110049,09-06-1991,07-06-1999,1998,1
Marketing,M,110049,09-06-1991,07-06-1999,1999,1
Marketing,M,110049,09-06-1991,07-06-1999,2000,0
Marketing,F,110050,29-05-1998,27-05-2000,1990,0
Marketing,F,110050,29-05-1998,27-05-2000,1991,0
Marketing,F,110050,29-05-1998,27-05-2000,1992,0
Marketing,F,110050,29-05-1998,27-05-2000,1993,0
Marketing,F,110050,29-05-1998,27-05-2000,1994,0
Marketing,F,110050,29-05-1998,27-05-2000,1995,0
Marketing,F,110050,29-05-1998,27-05-2000,1996,0
Marketing,F,110050,29-05-1998,27-05-2000,1997,0
Marketing,F,110050,29-05-1998,27-05-2000,1998,1
Marketing,F,110050,29-05-1998,27-05-2000,1999,1
Marketing,F,110050,29-05-1998,27-05-2000,2000,1
Marketing,M,110051,29-05-1999,27-05-2000,1990,0
Marketing,M,110051,29-05-1999,27-05-2000,1991,0
Marketing,M,110051,29-05-1999,27-05-2000,1992,0
Marketing,M,110051,29-05-1999,27-05-2000,1993,0
Marketing,M,110051,29-05-1999,27-05-2000,1994,0
Marketing,M,110051,29-05-1999,27-05-2000,1995,0
Marketing,M,110051,29-05-1999,27-05-2000,1996,0
Marketing,M,110051,29-05-1999,27-05-2000,1997,0
Marketing,M,110051,29-05-1999,27-05-2000,1998,0
Marketing,M,110051,29-05-1999,27-05-2000,1999,1
Marketing,M,110051,29-05-1999,27-05-2000,2000,1
Finance,M,110085,31-12-1991,29-12-1998,1990,0
Finance,M,110085,31-12-1991,29-12-1998,1991,1
Finance,M,110085,31-12-1991,29-12-1998,1992,1
Finance,M,110085,31-12-1991,29-12-1998,1993,1
Finance,M,110085,31-12-1991,29-12-1998,1994,1
Finance,M,110085,31-12-1991,29-12-1998,1995,1
Finance,M,110085,31-12-1991,29-12-1998,1996,1
Finance,M,110085,31-12-1991,29-12-1998,1997,1
Finance,M,110085,31-12-1991,29-12-1998,1998,1
Finance,M,110085,31-12-1991,29-12-1998,1999,0
Finance,M,110085,31-12-1991,29-12-1998,2000,0
Finance,F,110114,13-01-1991,01-01-9999,1990,0
Finance,F,110114,13-01-1991,01-01-9999,1991,1
Finance,F,110114,13-01-1991,01-01-9999,1992,1
Finance,F,110114,13-01-1991,01-01-9999,1993,1
Finance,F,110114,13-01-1991,01-01-9999,1994,1
Finance,F,110114,13-01-1991,01-01-9999,1995,1
Finance,F,110114,13-01-1991,01-01-9999,1996,1
Finance,F,110114,13-01-1991,01-01-9999,1997,1
Finance,F,110114,13-01-1991,01-01-9999,1998,1
Finance,F,110114,13-01-1991,01-01-9999,1999,1
Finance,F,110114,13-01-1991,01-01-9999,2000,1
Finance,F,110115,30-12-1993,29-12-1999,1990,0
Finance,F,110115,30-12-1993,29-12-1999,1991,0
Finance,F,110115,30-12-1993,29-12-1999,1992,0
Finance,F,110115,30-12-1993,29-12-1999,1993,1
Finance,F,110115,30-12-1993,29-12-1999,1994,1
Finance,F,110115,30-12-1993,29-12-1999,1995,1
Finance,F,110115,30-12-1993,29-12-1999,1996,1
Finance,F,110115,30-12-1993,29-12-1999,1997,1
Finance,F,110115,30-12-1993,29-12-1999,1998,1
Finance,F,110115,30-12-1993,29-12-1999,1999,1
Finance,F,110115,30-12-1993,29-12-1999,2000,0
Finance,F,110116,02-08-1995,31-07-2000,1990,0
Finance,F,110116,02-08-1995,31-07-2000,1991,0
Finance,F,110116,02-08-1995,31-07-2000,1992,0
Finance,F,110116,02-08-1995,31-07-2000,1993,0
Finance,F,110116,02-08-1995,31-07-2000,1994,0
Finance,F,110116,02-08-1995,31-07-2000,1995,1
Finance,F,110116,02-08-1995,31-07-2000,1996,1
Finance,F,110116,02-08-1995,31-07-2000,1997,1
Finance,F,110116,02-08-1995,31-07-2000,1998,1
Finance,F,110116,02-08-1995,31-07-2000,1999,1
Finance,F,110116,02-08-1995,31-07-2000,2000,1
Finance,M,110117,30-12-1995,28-12-2002,1990,0
Finance,M,110117,30-12-1995,28-12-2002,1991,0
Finance,M,110117,30-12-1995,28-12-2002,1992,0
Finance,M,110117,30-12-1995,28-12-2002,1993,0
Finance,M,110117,30-12-1995,28-12-2002,1994,0
Finance,M,110117,30-12-1995,28-12-2002,1995,1
Finance,M,110117,30-12-1995,28-12-2002,1996,1
Finance,M,110117,30-12-1995,28-12-2002,1997,1
Finance,M,110117,30-12-1995,28-12-2002,1998,1
Finance,M,110117,30-12-1995,28-12-2002,1999,1
Finance,M,110117,30-12-1995,28-12-2002,2000,1
Finance,M,110118,20-11-1994,19-11-1999,1990,0
Finance,M,110118,20-11-1994,19-11-1999,1991,0
Finance,M,110118,20-11-1994,19-11-1999,1992,0
Finance,M,110118,20-11-1994,19-11-1999,1993,0
Finance,M,110118,20-11-1994,19-11-1999,1994,1
Finance,M,110118,20-11-1994,19-11-1999,1995,1
Finance,M,110118,20-11-1994,19-11-1999,1996,1
Finance,M,110118,20-11-1994,19-11-1999,1997,1
Finance,M,110118,20-11-1994,19-11-1999,1998,1
Finance,M,110118,20-11-1994,19-11-1999,1999,1
Finance,M,110118,20-11-1994,19-11-1999,2000,0
Finance,M,110119,12-10-1997,11-10-2002,1990,0
Finance,M,110119,12-10-1997,11-10-2002,1991,0
Finance,M,110119,12-10-1997,11-10-2002,1992,0
Finance,M,110119,12-10-1997,11-10-2002,1993,0
Finance,M,110119,12-10-1997,11-10-2002,1994,0
Finance,M,110119,12-10-1997,11-10-2002,1995,0
Finance,M,110119,12-10-1997,11-10-2002,1996,0
Finance,M,110119,12-10-1997,11-10-2002,1997,1
Finance,M,110119,12-10-1997,11-10-2002,1998,1
Finance,M,110119,12-10-1997,11-10-2002,1999,1
Finance,M,110119,12-10-1997,11-10-2002,2000,1
Finance,M,110120,03-02-1997,01-01-9999,1990,0
Finance,M,110120,03-02-1997,01-01-9999,1991,0
Finance,M,110120,03-02-1997,01-01-9999,1992,0
Finance,M,110120,03-02-1997,01-01-9999,1993,0
Finance,M,110120,03-02-1997,01-01-9999,1994,0
Finance,M,110120,03-02-1997,01-01-9999,1995,0
Finance,M,110120,03-02-1997,01-01-9999,1996,0
Finance,M,110120,03-02-1997,01-01-9999,1997,1
Finance,M,110120,03-02-1997,01-01-9999,1998,1
Finance,M,110120,03-02-1997,01-01-9999,1999,1
Finance,M,110120,03-02-1997,01-01-9999,2000,1
Finance,M,110121,29-12-1998,27-12-2004,1990,0
Finance,M,110121,29-12-1998,27-12-2004,1991,0
Finance,M,110121,29-12-1998,27-12-2004,1992,0
Finance,M,110121,29-12-1998,27-12-2004,1993,0
Finance,M,110121,29-12-1998,27-12-2004,1994,0
Finance,M,110121,29-12-1998,27-12-2004,1995,0
Finance,M,110121,29-12-1998,27-12-2004,1996,0
Finance,M,110121,29-12-1998,27-12-2004,1997,0
Finance,M,110121,29-12-1998,27-12-2004,1998,1
Finance,M,110121,29-12-1998,27-12-2004,1999,1
Finance,M,110121,29-12-1998,27-12-2004,2000,1
Finance,F,110122,06-01-1995,04-01-2001,1990,0
Finance,F,110122,06-01-1995,04-01-2001,1991,0
Finance,F,110122,06-01-1995,04-01-2001,1992,0
Finance,F,110122,06-01-1995,04-01-2001,1993,0
Finance,F,110122,06-01-1995,04-01-2001,1994,0
Finance,F,110122,06-01-1995,04-01-2001,1995,1
Finance,F,110122,06-01-1995,04-01-2001,1996,1
Finance,F,110122,06-01-1995,04-01-2001,1997,1
Finance,F,110122,06-01-1995,04-01-2001,1998,1
Finance,F,110122,06-01-1995,04-01-2001,1999,1
Finance,F,110122,06-01-1995,04-01-2001,2000,1
Finance,M,110123,09-08-1996,08-08-2001,1990,0
Finance,M,110123,09-08-1996,08-08-2001,1991,0
Finance,M,110123,09-08-1996,08-08-2001,1992,0
Finance,M,110123,09-08-1996,08-08-2001,1993,0
Finance,M,110123,09-08-1996,08-08-2001,1994,0
Finance,M,110123,09-08-1996,08-08-2001,1995,0
Finance,M,110123,09-08-1996,08-08-2001,1996,1
Finance,M,110123,09-08-1996,08-08-2001,1997,1
Finance,M,110123,09-08-1996,08-08-2001,1998,1
Finance,M,110123,09-08-1996,08-08-2001,1999,1
Finance,M,110123,09-08-1996,08-08-2001,2000,1
Finance,M,110124,08-06-1993,06-06-2001,1990,0
Finance,M,110124,08-06-1993,06-06-2001,1991,0
Finance,M,110124,08-06-1993,06-06-2001,1992,0
Finance,M,110124,08-06-1993,06-06-2001,1993,1
Finance,M,110124,08-06-1993,06-06-2001,1994,1
Finance,M,110124,08-06-1993,06-06-2001,1995,1
Finance,M,110124,08-06-1993,06-06-2001,1996,1
Finance,M,110124,08-06-1993,06-06-2001,1997,1
Finance,M,110124,08-06-1993,06-06-2001,1998,1
Finance,M,110124,08-06-1993,06-06-2001,1999,1
Finance,M,110124,08-06-1993,06-06-2001,2000,1
Finance,M,110125,30-12-1993,28-12-2000,1990,0
Finance,M,110125,30-12-1993,28-12-2000,1991,0
Finance,M,110125,30-12-1993,28-12-2000,1992,0
Finance,M,110125,30-12-1993,28-12-2000,1993,1
Finance,M,110125,30-12-1993,28-12-2000,1994,1
Finance,M,110125,30-12-1993,28-12-2000,1995,1
Finance,M,110125,30-12-1993,28-12-2000,1996,1
Finance,M,110125,30-12-1993,28-12-2000,1997,1
Finance,M,110125,30-12-1993,28-12-2000,1998,1
Finance,M,110125,30-12-1993,28-12-2000,1999,1
Finance,M,110125,30-12-1993,28-12-2000,2000,1
Finance,M,110126,29-05-1999,27-05-2000,1990,0
Finance,M,110126,29-05-1999,27-05-2000,1991,0
Finance,M,110126,29-05-1999,27-05-2000,1992,0
Finance,M,110126,29-05-1999,27-05-2000,1993,0
Finance,M,110126,29-05-1999,27-05-2000,1994,0
Finance,M,110126,29-05-1999,27-05-2000,1995,0
Finance,M,110126,29-05-1999,27-05-2000,1996,0
Finance,M,110126,29-05-1999,27-05-2000,1997,0
Finance,M,110126,29-05-1999,27-05-2000,1998,0
Finance,M,110126,29-05-1999,27-05-2000,1999,1
Finance,M,110126,29-05-1999,27-05-2000,2000,1
Finance,M,110127,29-05-2000,01-01-9999,1990,0
Finance,M,110127,29-05-2000,01-01-9999,1991,0
Finance,M,110127,29-05-2000,01-01-9999,1992,0
Finance,M,110127,29-05-2000,01-01-9999,1993,0
Finance,M,110127,29-05-2000,01-01-9999,1994,0
Finance,M,110127,29-05-2000,01-01-9999,1995,0
Finance,M,110127,29-05-2000,01-01-9999,1996,0
Finance,M,110127,29-05-2000,01-01-9999,1997,0
Finance,M,110127,29-05-2000,01-01-9999,1998,0
Finance,M,110127,29-05-2000,01-01-9999,1999,0
Finance,M,110127,29-05-2000,01-01-9999,2000,1
Human Resources,F,110183,31-12-1990,29-12-1996,1990,1
Human Resources,F,110183,31-12-1990,29-12-1996,1991,1
Human Resources,F,110183,31-12-1990,29-12-1996,1992,1
Human Resources,F,110183,31-12-1990,29-12-1996,1993,1
Human Resources,F,110183,31-12-1990,29-12-1996,1994,1
Human Resources,F,110183,31-12-1990,29-12-1996,1995,1
Human Resources,F,110183,31-12-1990,29-12-1996,1996,1
Human Resources,F,110183,31-12-1990,29-12-1996,1997,0
Human Resources,F,110183,31-12-1990,29-12-1996,1998,0
Human Resources,F,110183,31-12-1990,29-12-1996,1999,0
Human Resources,F,110183,31-12-1990,29-12-1996,2000,0
Human Resources,F,110228,02-08-1992,01-08-1997,1990,0
Human Resources,F,110228,02-08-1992,01-08-1997,1991,0
Human Resources,F,110228,02-08-1992,01-08-1997,1992,1
Human Resources,F,110228,02-08-1992,01-08-1997,1993,1
Human Resources,F,110228,02-08-1992,01-08-1997,1994,1
Human Resources,F,110228,02-08-1992,01-08-1997,1995,1
Human Resources,F,110228,02-08-1992,01-08-1997,1996,1
Human Resources,F,110228,02-08-1992,01-08-1997,1997,1
Human Resources,F,110228,02-08-1992,01-08-1997,1998,0
Human Resources,F,110228,02-08-1992,01-08-1997,1999,0
Human Resources,F,110228,02-08-1992,01-08-1997,2000,0
Human Resources,M,110229,25-11-1994,23-11-2001,1990,0
Human Resources,M,110229,25-11-1994,23-11-2001,1991,0
Human Resources,M,110229,25-11-1994,23-11-2001,1992,0
Human Resources,M,110229,25-11-1994,23-11-2001,1993,0
Human Resources,M,110229,25-11-1994,23-11-2001,1994,1
Human Resources,M,110229,25-11-1994,23-11-2001,1995,1
Human Resources,M,110229,25-11-1994,23-11-2001,1996,1
Human Resources,M,110229,25-11-1994,23-11-2001,1997,1
Human Resources,M,110229,25-11-1994,23-11-2001,1998,1
Human Resources,M,110229,25-11-1994,23-11-2001,1999,1
Human Resources,M,110229,25-11-1994,23-11-2001,2000,1
Human Resources,M,110230,16-10-1993,15-10-1998,1990,0
Human Resources,M,110230,16-10-1993,15-10-1998,1991,0
Human Resources,M,110230,16-10-1993,15-10-1998,1992,0
Human Resources,M,110230,16-10-1993,15-10-1998,1993,1
Human Resources,M,110230,16-10-1993,15-10-1998,1994,1
Human Resources,M,110230,16-10-1993,15-10-1998,1995,1
Human Resources,M,110230,16-10-1993,15-10-1998,1996,1
Human Resources,M,110230,16-10-1993,15-10-1998,1997,1
Human Resources,M,110230,16-10-1993,15-10-1998,1998,1
Human Resources,M,110230,16-10-1993,15-10-1998,1999,0
Human Resources,M,110230,16-10-1993,15-10-1998,2000,0
Human Resources,M,110231,07-09-1996,06-09-2001,1990,0
Human Resources,M,110231,07-09-1996,06-09-2001,1991,0
Human Resources,M,110231,07-09-1996,06-09-2001,1992,0
Human Resources,M,110231,07-09-1996,06-09-2001,1993,0
Human Resources,M,110231,07-09-1996,06-09-2001,1994,0
Human Resources,M,110231,07-09-1996,06-09-2001,1995,0
Human Resources,M,110231,07-09-1996,06-09-2001,1996,1
Human Resources,M,110231,07-09-1996,06-09-2001,1997,1
Human Resources,M,110231,07-09-1996,06-09-2001,1998,1
Human Resources,M,110231,07-09-1996,06-09-2001,1999,1
Human Resources,M,110231,07-09-1996,06-09-2001,2000,1
Human Resources,M,110232,31-12-1995,01-01-9999,1990,0
Human Resources,M,110232,31-12-1995,01-01-9999,1991,0
Human Resources,M,110232,31-12-1995,01-01-9999,1992,0
Human Resources,M,110232,31-12-1995,01-01-9999,1993,0
Human Resources,M,110232,31-12-1995,01-01-9999,1994,0
Human Resources,M,110232,31-12-1995,01-01-9999,1995,1
Human Resources,M,110232,31-12-1995,01-01-9999,1996,1
Human Resources,M,110232,31-12-1995,01-01-9999,1997,1
Human Resources,M,110232,31-12-1995,01-01-9999,1998,1
Human Resources,M,110232,31-12-1995,01-01-9999,1999,1
Human Resources,M,110232,31-12-1995,01-01-9999,2000,1
Human Resources,M,110233,24-11-1997,23-11-2003,1990,0
Human Resources,M,110233,24-11-1997,23-11-2003,1991,0
Human Resources,M,110233,24-11-1997,23-11-2003,1992,0
Human Resources,M,110233,24-11-1997,23-11-2003,1993,0
Human Resources,M,110233,24-11-1997,23-11-2003,1994,0
Human Resources,M,110233,24-11-1997,23-11-2003,1995,0
Human Resources,M,110233,24-11-1997,23-11-2003,1996,0
Human Resources,M,110233,24-11-1997,23-11-2003,1997,1
Human Resources,M,110233,24-11-1997,23-11-2003,1998,1
Human Resources,M,110233,24-11-1997,23-11-2003,1999,1
Human Resources,M,110233,24-11-1997,23-11-2003,2000,1
Human Resources,F,110234,02-12-1993,01-12-1999,1990,0
Human Resources,F,110234,02-12-1993,01-12-1999,1991,0
Human Resources,F,110234,02-12-1993,01-12-1999,1992,0
Human Resources,F,110234,02-12-1993,01-12-1999,1993,1
Human Resources,F,110234,02-12-1993,01-12-1999,1994,1
Human Resources,F,110234,02-12-1993,01-12-1999,1995,1
Human Resources,F,110234,02-12-1993,01-12-1999,1996,1
Human Resources,F,110234,02-12-1993,01-12-1999,1997,1
Human Resources,F,110234,02-12-1993,01-12-1999,1998,1
Human Resources,F,110234,02-12-1993,01-12-1999,1999,1
Human Resources,F,110234,02-12-1993,01-12-1999,2000,0
Human Resources,M,110235,06-07-1995,04-07-2000,1990,0
Human Resources,M,110235,06-07-1995,04-07-2000,1991,0
Human Resources,M,110235,06-07-1995,04-07-2000,1992,0
Human Resources,M,110235,06-07-1995,04-07-2000,1993,0
Human Resources,M,110235,06-07-1995,04-07-2000,1994,0
Human Resources,M,110235,06-07-1995,04-07-2000,1995,1
Human Resources,M,110235,06-07-1995,04-07-2000,1996,1
Human Resources,M,110235,06-07-1995,04-07-2000,1997,1
Human Resources,M,110235,06-07-1995,04-07-2000,1998,1
Human Resources,M,110235,06-07-1995,04-07-2000,1999,1
Human Resources,M,110235,06-07-1995,04-07-2000,2000,1
Human Resources,F,110236,04-05-1992,02-05-2000,1990,0
Human Resources,F,110236,04-05-1992,02-05-2000,1991,0
Human Resources,F,110236,04-05-1992,02-05-2000,1992,1
Human Resources,F,110236,04-05-1992,02-05-2000,1993,1
Human Resources,F,110236,04-05-1992,02-05-2000,1994,1
Human Resources,F,110236,04-05-1992,02-05-2000,1995,1
Human Resources,F,110236,04-05-1992,02-05-2000,1996,1
Human Resources,F,110236,04-05-1992,02-05-2000,1997,1
Human Resources,F,110236,04-05-1992,02-05-2000,1998,1
Human Resources,F,110236,04-05-1992,02-05-2000,1999,1
Human Resources,F,110236,04-05-1992,02-05-2000,2000,1
Human Resources,M,110237,01-10-1992,29-09-2000,1990,0
Human Resources,M,110237,01-10-1992,29-09-2000,1991,0
Human Resources,M,110237,01-10-1992,29-09-2000,1992,1
Human Resources,M,110237,01-10-1992,29-09-2000,1993,1
Human Resources,M,110237,01-10-1992,29-09-2000,1994,1
Human Resources,M,110237,01-10-1992,29-09-2000,1995,1
Human Resources,M,110237,01-10-1992,29-09-2000,1996,1
Human Resources,M,110237,01-10-1992,29-09-2000,1997,1
Human Resources,M,110237,01-10-1992,29-09-2000,1998,1
Human Resources,M,110237,01-10-1992,29-09-2000,1999,1
Human Resources,M,110237,01-10-1992,29-09-2000,2000,1
Human Resources,F,110238,15-05-1994,27-05-2000,1990,0
Human Resources,F,110238,15-05-1994,27-05-2000,1991,0
Human Resources,F,110238,15-05-1994,27-05-2000,1992,0
Human Resources,F,110238,15-05-1994,27-05-2000,1993,0
Human Resources,F,110238,15-05-1994,27-05-2000,1994,1
Human Resources,F,110238,15-05-1994,27-05-2000,1995,1
Human Resources,F,110238,15-05-1994,27-05-2000,1996,1
Human Resources,F,110238,15-05-1994,27-05-2000,1997,1
Human Resources,F,110238,15-05-1994,27-05-2000,1998,1
Human Resources,F,110238,15-05-1994,27-05-2000,1999,1
Human Resources,F,110238,15-05-1994,27-05-2000,2000,1
Human Resources,M,110239,29-05-1997,27-05-2000,1990,0
Human Resources,M,110239,29-05-1997,27-05-2000,1991,0
Human Resources,M,110239,29-05-1997,27-05-2000,1992,0
Human Resources,M,110239,29-05-1997,27-05-2000,1993,0
Human Resources,M,110239,29-05-1997,27-05-2000,1994,0
Human Resources,M,110239,29-05-1997,27-05-2000,1995,0
Human Resources,M,110239,29-05-1997,27-05-2000,1996,0
Human Resources,M,110239,29-05-1997,27-05-2000,1997,1
Human Resources,M,110239,29-05-1997,27-05-2000,1998,1
Human Resources,M,110239,29-05-1997,27-05-2000,1999,1
Human Resources,M,110239,29-05-1997,27-05-2000,2000,1
Human Resources,F,110240,29-05-2000,01-01-9999,1990,0
Human Resources,F,110240,29-05-2000,01-01-9999,1991,0
Human Resources,F,110240,29-05-2000,01-01-9999,1992,0
Human Resources,F,110240,29-05-2000,01-01-9999,1993,0
Human Resources,F,110240,29-05-2000,01-01-9999,1994,0
Human Resources,F,110240,29-05-2000,01-01-9999,1995,0
Human Resources,F,110240,29-05-2000,01-01-9999,1996,0
Human Resources,F,110240,29-05-2000,01-01-9999,1997,0
Human Resources,F,110240,29-05-2000,01-01-9999,1998,0
Human Resources,F,110240,29-05-2000,01-01-9999,1999,0
Human Resources,F,110240,29-05-2000,01-01-9999,2000,1
Production,F,110303,30-12-1992,29-12-1999,1990,0
Production,F,110303,30-12-1992,29-12-1999,1991,0
Production,F,110303,30-12-1992,29-12-1999,1992,1
Production,F,110303,30-12-1992,29-12-1999,1993,1
Production,F,110303,30-12-1992,29-12-1999,1994,1
Production,F,110303,30-12-1992,29-12-1999,1995,1
Production,F,110303,30-12-1992,29-12-1999,1996,1
Production,F,110303,30-12-1992,29-12-1999,1997,1
Production,F,110303,30-12-1992,29-12-1999,1998,1
Production,F,110303,30-12-1992,29-12-1999,1999,1
Production,F,110303,30-12-1992,29-12-1999,2000,0
Production,F,110344,21-11-1991,19-11-1996,1990,0
Production,F,110344,21-11-1991,19-11-1996,1991,1
Production,F,110344,21-11-1991,19-11-1996,1992,1
Production,F,110344,21-11-1991,19-11-1996,1993,1
Production,F,110344,21-11-1991,19-11-1996,1994,1
Production,F,110344,21-11-1991,19-11-1996,1995,1
Production,F,110344,21-11-1991,19-11-1996,1996,1
Production,F,110344,21-11-1991,19-11-1996,1997,0
Production,F,110344,21-11-1991,19-11-1996,1998,0
Production,F,110344,21-11-1991,19-11-1996,1999,0
Production,F,110344,21-11-1991,19-11-1996,2000,0
Production,M,110386,13-10-1994,12-10-1999,1990,0
Production,M,110386,13-10-1994,12-10-1999,1991,0
Production,M,110386,13-10-1994,12-10-1999,1992,0
Production,M,110386,13-10-1994,12-10-1999,1993,0
Production,M,110386,13-10-1994,12-10-1999,1994,1
Production,M,110386,13-10-1994,12-10-1999,1995,1
Production,M,110386,13-10-1994,12-10-1999,1996,1
Production,M,110386,13-10-1994,12-10-1999,1997,1
Production,M,110386,13-10-1994,12-10-1999,1998,1
Production,M,110386,13-10-1994,12-10-1999,1999,1
Production,M,110386,13-10-1994,12-10-1999,2000,0
Production,M,110420,04-02-1994,01-01-9999,1990,0
Production,M,110420,04-02-1994,01-01-9999,1991,0
Production,M,110420,04-02-1994,01-01-9999,1992,0
Production,M,110420,04-02-1994,01-01-9999,1993,0
Production,M,110420,04-02-1994,01-01-9999,1994,1
Production,M,110420,04-02-1994,01-01-9999,1995,1
Production,M,110420,04-02-1994,01-01-9999,1996,1
Production,M,110420,04-02-1994,01-01-9999,1997,1
Production,M,110420,04-02-1994,01-01-9999,1998,1
Production,M,110420,04-02-1994,01-01-9999,1999,1
Production,M,110420,04-02-1994,01-01-9999,2000,1
Production,M,110421,30-01-1991,07-06-1996,1990,0
Production,M,110421,30-01-1991,07-06-1996,1991,1
Production,M,110421,30-01-1991,07-06-1996,1992,1
Production,M,110421,30-01-1991,07-06-1996,1993,1
Production,M,110421,30-01-1991,07-06-1996,1994,1
Production,M,110421,30-01-1991,07-06-1996,1995,1
Production,M,110421,30-01-1991,07-06-1996,1996,1
Production,M,110421,30-01-1991,07-06-1996,1997,0
Production,M,110421,30-01-1991,07-06-1996,1998,0
Production,M,110421,30-01-1991,07-06-1996,1999,0
Production,M,110421,30-01-1991,07-06-1996,2000,0
Production,M,110422,11-03-1990,18-07-1993,1990,1
Production,M,110422,11-03-1990,18-07-1993,1991,1
Production,M,110422,11-03-1990,18-07-1993,1992,1
Production,M,110422,11-03-1990,18-07-1993,1993,1
Production,M,110422,11-03-1990,18-07-1993,1994,0
Production,M,110422,11-03-1990,18-07-1993,1995,0
Production,M,110422,11-03-1990,18-07-1993,1996,0
Production,M,110422,11-03-1990,18-07-1993,1997,0
Production,M,110422,11-03-1990,18-07-1993,1998,0
Production,M,110422,11-03-1990,18-07-1993,1999,0
Production,M,110422,11-03-1990,18-07-1993,2000,0
Production,M,110423,23-03-1991,21-03-1996,1990,0
Production,M,110423,23-03-1991,21-03-1996,1991,1
Production,M,110423,23-03-1991,21-03-1996,1992,1
Production,M,110423,23-03-1991,21-03-1996,1993,1
Production,M,110423,23-03-1991,21-03-1996,1994,1
Production,M,110423,23-03-1991,21-03-1996,1995,1
Production,M,110423,23-03-1991,21-03-1996,1996,1
Production,M,110423,23-03-1991,21-03-1996,1997,0
Production,M,110423,23-03-1991,21-03-1996,1998,0
Production,M,110423,23-03-1991,21-03-1996,1999,0
Production,M,110423,23-03-1991,21-03-1996,2000,0
Production,M,110424,15-07-1990,11-02-1992,1990,1
Production,M,110424,15-07-1990,11-02-1992,1991,1
Production,M,110424,15-07-1990,11-02-1992,1992,1
Production,M,110424,15-07-1990,11-02-1992,1993,0
Production,M,110424,15-07-1990,11-02-1992,1994,0
Production,M,110424,15-07-1990,11-02-1992,1995,0
Production,M,110424,15-07-1990,11-02-1992,1996,0
Production,M,110424,15-07-1990,11-02-1992,1997,0
Production,M,110424,15-07-1990,11-02-1992,1998,0
Production,M,110424,15-07-1990,11-02-1992,1999,0
Production,M,110424,15-07-1990,11-02-1992,2000,0
Production,M,110425,30-12-1992,28-12-2001,1990,0
Production,M,110425,30-12-1992,28-12-2001,1991,0
Production,M,110425,30-12-1992,28-12-2001,1992,1
Production,M,110425,30-12-1992,28-12-2001,1993,1
Production,M,110425,30-12-1992,28-12-2001,1994,1
Production,M,110425,30-12-1992,28-12-2001,1995,1
Production,M,110425,30-12-1992,28-12-2001,1996,1
Production,M,110425,30-12-1992,28-12-2001,1997,1
Production,M,110425,30-12-1992,28-12-2001,1998,1
Production,M,110425,30-12-1992,28-12-2001,1999,1
Production,M,110425,30-12-1992,28-12-2001,2000,1
Production,M,110426,25-04-1993,18-10-1998,1990,0
Production,M,110426,25-04-1993,18-10-1998,1991,0
Production,M,110426,25-04-1993,18-10-1998,1992,0
Production,M,110426,25-04-1993,18-10-1998,1993,1
Production,M,110426,25-04-1993,18-10-1998,1994,1
Production,M,110426,25-04-1993,18-10-1998,1995,1
Production,M,110426,25-04-1993,18-10-1998,1996,1
Production,M,110426,25-04-1993,18-10-1998,1997,1
Production,M,110426,25-04-1993,18-10-1998,1998,1
Production,M,110426,25-04-1993,18-10-1998,1999,0
Production,M,110426,25-04-1993,18-10-1998,2000,0
Production,M,110427,30-03-1993,29-03-1998,1990,0
Production,M,110427,30-03-1993,29-03-1998,1991,0
Production,M,110427,30-03-1993,29-03-1998,1992,0
Production,M,110427,30-03-1993,29-03-1998,1993,1
Production,M,110427,30-03-1993,29-03-1998,1994,1
Production,M,110427,30-03-1993,29-03-1998,1995,1
Production,M,110427,30-03-1993,29-03-1998,1996,1
Production,M,110427,30-03-1993,29-03-1998,1997,1
Production,M,110427,30-03-1993,29-03-1998,1998,1
Production,M,110427,30-03-1993,29-03-1998,1999,0
Production,M,110427,30-03-1993,29-03-1998,2000,0
Production,M,110428,20-02-1996,18-02-2001,1990,0
Production,M,110428,20-02-1996,18-02-2001,1991,0
Production,M,110428,20-02-1996,18-02-2001,1992,0
Production,M,110428,20-02-1996,18-02-2001,1993,0
Production,M,110428,20-02-1996,18-02-2001,1994,0
Production,M,110428,20-02-1996,18-02-2001,1995,0
Production,M,110428,20-02-1996,18-02-2001,1996,1
Production,M,110428,20-02-1996,18-02-2001,1997,1
Production,M,110428,20-02-1996,18-02-2001,1998,1
Production,M,110428,20-02-1996,18-02-2001,1999,1
Production,M,110428,20-02-1996,18-02-2001,2000,1
Production,F,110429,14-06-1995,27-12-2004,1990,0
Production,F,110429,14-06-1995,27-12-2004,1991,0
Production,F,110429,14-06-1995,27-12-2004,1992,0
Production,F,110429,14-06-1995,27-12-2004,1993,0
Production,F,110429,14-06-1995,27-12-2004,1994,0
Production,F,110429,14-06-1995,27-12-2004,1995,1
Production,F,110429,14-06-1995,27-12-2004,1996,1
Production,F,110429,14-06-1995,27-12-2004,1997,1
Production,F,110429,14-06-1995,27-12-2004,1998,1
Production,F,110429,14-06-1995,27-12-2004,1999,1
Production,F,110429,14-06-1995,27-12-2004,2000,1
Production,M,110430,29-05-1998,27-05-2000,1990,0
Production,M,110430,29-05-1998,27-05-2000,1991,0
Production,M,110430,29-05-1998,27-05-2000,1992,0
Production,M,110430,29-05-1998,27-05-2000,1993,0
Production,M,110430,29-05-1998,27-05-2000,1994,0
Production,M,110430,29-05-1998,27-05-2000,1995,0
Production,M,110430,29-05-1998,27-05-2000,1996,0
Production,M,110430,29-05-1998,27-05-2000,1997,0
Production,M,110430,29-05-1998,27-05-2000,1998,1
Production,M,110430,29-05-1998,27-05-2000,1999,1
Production,M,110430,29-05-1998,27-05-2000,2000,1
Development,M,110511,31-12-1991,28-12-2000,1990,0
Development,M,110511,31-12-1991,28-12-2000,1991,1
Development,M,110511,31-12-1991,28-12-2000,1992,1
Development,M,110511,31-12-1991,28-12-2000,1993,1
Development,M,110511,31-12-1991,28-12-2000,1994,1
Development,M,110511,31-12-1991,28-12-2000,1995,1
Development,M,110511,31-12-1991,28-12-2000,1996,1
Development,M,110511,31-12-1991,28-12-2000,1997,1
Development,M,110511,31-12-1991,28-12-2000,1998,1
Development,M,110511,31-12-1991,28-12-2000,1999,1
Development,M,110511,31-12-1991,28-12-2000,2000,1
Development,F,110567,25-04-1992,18-10-1997,1990,0
Development,F,110567,25-04-1992,18-10-1997,1991,0
Development,F,110567,25-04-1992,18-10-1997,1992,1
Development,F,110567,25-04-1992,18-10-1997,1993,1
Development,F,110567,25-04-1992,18-10-1997,1994,1
Development,F,110567,25-04-1992,18-10-1997,1995,1
Development,F,110567,25-04-1992,18-10-1997,1996,1
Development,F,110567,25-04-1992,18-10-1997,1997,1
Development,F,110567,25-04-1992,18-10-1997,1998,0
Development,F,110567,25-04-1992,18-10-1997,1999,0
Development,F,110567,25-04-1992,18-10-1997,2000,0
Development,M,110568,05-01-1990,20-08-2003,1990,1
Development,M,110568,05-01-1990,20-08-2003,1991,1
Development,M,110568,05-01-1990,20-08-2003,1992,1
Development,M,110568,05-01-1990,20-08-2003,1993,1
Development,M,110568,05-01-1990,20-08-2003,1994,1
Development,M,110568,05-01-1990,20-08-2003,1995,1
Development,M,110568,05-01-1990,20-08-2003,1996,1
Development,M,110568,05-01-1990,20-08-2003,1997,1
Development,M,110568,05-01-1990,20-08-2003,1998,1
Development,M,110568,05-01-1990,20-08-2003,1999,1
Development,M,110568,05-01-1990,20-08-2003,2000,1
Development,M,110569,03-10-1994,02-10-1998,1990,0
Development,M,110569,03-10-1994,02-10-1998,1991,0
Development,M,110569,03-10-1994,02-10-1998,1992,0
Development,M,110569,03-10-1994,02-10-1998,1993,0
Development,M,110569,03-10-1994,02-10-1998,1994,1
Development,M,110569,03-10-1994,02-10-1998,1995,1
Development,M,110569,03-10-1994,02-10-1998,1996,1
Development,M,110569,03-10-1994,02-10-1998,1997,1
Development,M,110569,03-10-1994,02-10-1998,1998,1
Development,M,110569,03-10-1994,02-10-1998,1999,0
Development,M,110569,03-10-1994,02-10-1998,2000,0
Development,F,110570,07-04-1997,06-04-2001,1990,0
Development,F,110570,07-04-1997,06-04-2001,1991,0
Development,F,110570,07-04-1997,06-04-2001,1992,0
Development,F,110570,07-04-1997,06-04-2001,1993,0
Development,F,110570,07-04-1997,06-04-2001,1994,0
Development,F,110570,07-04-1997,06-04-2001,1995,0
Development,F,110570,07-04-1997,06-04-2001,1996,0
Development,F,110570,07-04-1997,06-04-2001,1997,1
Development,F,110570,07-04-1997,06-04-2001,1998,1
Development,F,110570,07-04-1997,06-04-2001,1999,1
Development,F,110570,07-04-1997,06-04-2001,2000,1
Development,M,110571,28-02-1999,01-01-9999,1990,0
Development,M,110571,28-02-1999,01-01-9999,1991,0
Development,M,110571,28-02-1999,01-01-9999,1992,0
Development,M,110571,28-02-1999,01-01-9999,1993,0
Development,M,110571,28-02-1999,01-01-9999,1994,0
Development,M,110571,28-02-1999,01-01-9999,1995,0
Development,M,110571,28-02-1999,01-01-9999,1996,0
Development,M,110571,28-02-1999,01-01-9999,1997,0
Development,M,110571,28-02-1999,01-01-9999,1998,0
Development,M,110571,28-02-1999,01-01-9999,1999,1
Development,M,110571,28-02-1999,01-01-9999,2000,1
Development,M,110572,20-02-1993,19-02-1998,1990,0
Development,M,110572,20-02-1993,19-02-1998,1991,0
Development,M,110572,20-02-1993,19-02-1998,1992,0
Development,M,110572,20-02-1993,19-02-1998,1993,1
Development,M,110572,20-02-1993,19-02-1998,1994,1
Development,M,110572,20-02-1993,19-02-1998,1995,1
Development,M,110572,20-02-1993,19-02-1998,1996,1
Development,M,110572,20-02-1993,19-02-1998,1997,1
Development,M,110572,20-02-1993,19-02-1998,1998,1
Development,M,110572,20-02-1993,19-02-1998,1999,0
Development,M,110572,20-02-1993,19-02-1998,2000,0
Development,M,110573,14-06-1992,11-01-1994,1990,0
Development,M,110573,14-06-1992,11-01-1994,1991,0
Development,M,110573,14-06-1992,11-01-1994,1992,1
Development,M,110573,14-06-1992,11-01-1994,1993,1
Development,M,110573,14-06-1992,11-01-1994,1994,1
Development,M,110573,14-06-1992,11-01-1994,1995,0
Development,M,110573,14-06-1992,11-01-1994,1996,0
Development,M,110573,14-06-1992,11-01-1994,1997,0
Development,M,110573,14-06-1992,11-01-1994,1998,0
Development,M,110573,14-06-1992,11-01-1994,1999,0
Development,M,110573,14-06-1992,11-01-1994,2000,0
Development,F,110574,30-11-1994,28-11-2003,1990,0
Development,F,110574,30-11-1994,28-11-2003,1991,0
Development,F,110574,30-11-1994,28-11-2003,1992,0
Development,F,110574,30-11-1994,28-11-2003,1993,0
Development,F,110574,30-11-1994,28-11-2003,1994,1
Development,F,110574,30-11-1994,28-11-2003,1995,1
Development,F,110574,30-11-1994,28-11-2003,1996,1
Development,F,110574,30-11-1994,28-11-2003,1997,1
Development,F,110574,30-11-1994,28-11-2003,1998,1
Development,F,110574,30-11-1994,28-11-2003,1999,1
Development,F,110574,30-11-1994,28-11-2003,2000,1
Development,F,110575,26-03-1995,17-09-2000,1990,0
Development,F,110575,26-03-1995,17-09-2000,1991,0
Development,F,110575,26-03-1995,17-09-2000,1992,0
Development,F,110575,26-03-1995,17-09-2000,1993,0
Development,F,110575,26-03-1995,17-09-2000,1994,0
Development,F,110575,26-03-1995,17-09-2000,1995,1
Development,F,110575,26-03-1995,17-09-2000,1996,1
Development,F,110575,26-03-1995,17-09-2000,1997,1
Development,F,110575,26-03-1995,17-09-2000,1998,1
Development,F,110575,26-03-1995,17-09-2000,1999,1
Development,F,110575,26-03-1995,17-09-2000,2000,1
Development,M,110576,28-02-1995,27-02-2000,1990,0
Development,M,110576,28-02-1995,27-02-2000,1991,0
Development,M,110576,28-02-1995,27-02-2000,1992,0
Development,M,110576,28-02-1995,27-02-2000,1993,0
Development,M,110576,28-02-1995,27-02-2000,1994,0
Development,M,110576,28-02-1995,27-02-2000,1995,1
Development,M,110576,28-02-1995,27-02-2000,1996,1
Development,M,110576,28-02-1995,27-02-2000,1997,1
Development,M,110576,28-02-1995,27-02-2000,1998,1
Development,M,110576,28-02-1995,27-02-2000,1999,1
Development,M,110576,28-02-1995,27-02-2000,2000,1
Development,F,110577,29-01-1992,27-09-1996,1990,0
Development,F,110577,29-01-1992,27-09-1996,1991,0
Development,F,110577,29-01-1992,27-09-1996,1992,1
Development,F,110577,29-01-1992,27-09-1996,1993,1
Development,F,110577,29-01-1992,27-09-1996,1994,1
Development,F,110577,29-01-1992,27-09-1996,1995,1
Development,F,110577,29-01-1992,27-09-1996,1996,1
Development,F,110577,29-01-1992,27-09-1996,1997,0
Development,F,110577,29-01-1992,27-09-1996,1998,0
Development,F,110577,29-01-1992,27-09-1996,1999,0
Development,F,110577,29-01-1992,27-09-1996,2000,0
Development,F,110578,12-03-1999,21-01-2000,1990,0
Development,F,110578,12-03-1999,21-01-2000,1991,0
Development,F,110578,12-03-1999,21-01-2000,1992,0
Development,F,110578,12-03-1999,21-01-2000,1993,0
Development,F,110578,12-03-1999,21-01-2000,1994,0
Development,F,110578,12-03-1999,21-01-2000,1995,0
Development,F,110578,12-03-1999,21-01-2000,1996,0
Development,F,110578,12-03-1999,21-01-2000,1997,0
Development,F,110578,12-03-1999,21-01-2000,1998,0
Development,F,110578,12-03-1999,21-01-2000,1999,1
Development,F,110578,12-03-1999,21-01-2000,2000,1
Development,F,110579,29-05-1998,01-01-9999,1990,0
Development,F,110579,29-05-1998,01-01-9999,1991,0
Development,F,110579,29-05-1998,01-01-9999,1992,0
Development,F,110579,29-05-1998,01-01-9999,1993,0
Development,F,110579,29-05-1998,01-01-9999,1994,0
Development,F,110579,29-05-1998,01-01-9999,1995,0
Development,F,110579,29-05-1998,01-01-9999,1996,0
Development,F,110579,29-05-1998,01-01-9999,1997,0
Development,F,110579,29-05-1998,01-01-9999,1998,1
Development,F,110579,29-05-1998,01-01-9999,1999,1
Development,F,110579,29-05-1998,01-01-9999,2000,1
Quality Management,F,110725,30-12-1995,28-12-2001,1990,0
Quality Management,F,110725,30-12-1995,28-12-2001,1991,0
Quality Management,F,110725,30-12-1995,28-12-2001,1992,0
Quality Management,F,110725,30-12-1995,28-12-2001,1993,0
Quality Management,F,110725,30-12-1995,28-12-2001,1994,0
Quality Management,F,110725,30-12-1995,28-12-2001,1995,1
Quality Management,F,110725,30-12-1995,28-12-2001,1996,1
Quality Management,F,110725,30-12-1995,28-12-2001,1997,1
Quality Management,F,110725,30-12-1995,28-12-2001,1998,1
Quality Management,F,110725,30-12-1995,28-12-2001,1999,1
Quality Management,F,110725,30-12-1995,28-12-2001,2000,1
Quality Management,F,110765,07-01-1992,05-01-1998,1990,0
Quality Management,F,110765,07-01-1992,05-01-1998,1991,0
Quality Management,F,110765,07-01-1992,05-01-1998,1992,1
Quality Management,F,110765,07-01-1992,05-01-1998,1993,1
Quality Management,F,110765,07-01-1992,05-01-1998,1994,1
Quality Management,F,110765,07-01-1992,05-01-1998,1995,1
Quality Management,F,110765,07-01-1992,05-01-1998,1996,1
Quality Management,F,110765,07-01-1992,05-01-1998,1997,1
Quality Management,F,110765,07-01-1992,05-01-1998,1998,1
Quality Management,F,110765,07-01-1992,05-01-1998,1999,0
Quality Management,F,110765,07-01-1992,05-01-1998,2000,0
Quality Management,F,110800,10-08-1993,09-08-1998,1990,0
Quality Management,F,110800,10-08-1993,09-08-1998,1991,0
Quality Management,F,110800,10-08-1993,09-08-1998,1992,0
Quality Management,F,110800,10-08-1993,09-08-1998,1993,1
Quality Management,F,110800,10-08-1993,09-08-1998,1994,1
Quality Management,F,110800,10-08-1993,09-08-1998,1995,1
Quality Management,F,110800,10-08-1993,09-08-1998,1996,1
Quality Management,F,110800,10-08-1993,09-08-1998,1997,1
Quality Management,F,110800,10-08-1993,09-08-1998,1998,1
Quality Management,F,110800,10-08-1993,09-08-1998,1999,0
Quality Management,F,110800,10-08-1993,09-08-1998,2000,0
Quality Management,M,110854,09-06-1990,07-06-1998,1990,1
Quality Management,M,110854,09-06-1990,07-06-1998,1991,1
Quality Management,M,110854,09-06-1990,07-06-1998,1992,1
Quality Management,M,110854,09-06-1990,07-06-1998,1993,1
Quality Management,M,110854,09-06-1990,07-06-1998,1994,1
Quality Management,M,110854,09-06-1990,07-06-1998,1995,1
Quality Management,M,110854,09-06-1990,07-06-1998,1996,1
Quality Management,M,110854,09-06-1990,07-06-1998,1997,1
Quality Management,M,110854,09-06-1990,07-06-1998,1998,1
Quality Management,M,110854,09-06-1990,07-06-1998,1999,0
Quality Management,M,110854,09-06-1990,07-06-1998,2000,0
Quality Management,M,110855,14-05-1994,12-05-2000,1990,0
Quality Management,M,110855,14-05-1994,12-05-2000,1991,0
Quality Management,M,110855,14-05-1994,12-05-2000,1992,0
Quality Management,M,110855,14-05-1994,12-05-2000,1993,0
Quality Management,M,110855,14-05-1994,12-05-2000,1994,1
Quality Management,M,110855,14-05-1994,12-05-2000,1995,1
Quality Management,M,110855,14-05-1994,12-05-2000,1996,1
Quality Management,M,110855,14-05-1994,12-05-2000,1997,1
Quality Management,M,110855,14-05-1994,12-05-2000,1998,1
Quality Management,M,110855,14-05-1994,12-05-2000,1999,1
Quality Management,M,110855,14-05-1994,12-05-2000,2000,1
Quality Management,F,110856,12-05-1993,11-05-1998,1990,0
Quality Management,F,110856,12-05-1993,11-05-1998,1991,0
Quality Management,F,110856,12-05-1993,11-05-1998,1992,0
Quality Management,F,110856,12-05-1993,11-05-1998,1993,1
Quality Management,F,110856,12-05-1993,11-05-1998,1994,1
Quality Management,F,110856,12-05-1993,11-05-1998,1995,1
Quality Management,F,110856,12-05-1993,11-05-1998,1996,1
Quality Management,F,110856,12-05-1993,11-05-1998,1997,1
Quality Management,F,110856,12-05-1993,11-05-1998,1998,1
Quality Management,F,110856,12-05-1993,11-05-1998,1999,0
Quality Management,F,110856,12-05-1993,11-05-1998,2000,0
Quality Management,M,110857,04-03-1991,02-03-1996,1990,0
Quality Management,M,110857,04-03-1991,02-03-1996,1991,1
Quality Management,M,110857,04-03-1991,02-03-1996,1992,1
Quality Management,M,110857,04-03-1991,02-03-1996,1993,1
Quality Management,M,110857,04-03-1991,02-03-1996,1994,1
Quality Management,M,110857,04-03-1991,02-03-1996,1995,1
Quality Management,M,110857,04-03-1991,02-03-1996,1996,1
Quality Management,M,110857,04-03-1991,02-03-1996,1997,0
Quality Management,M,110857,04-03-1991,02-03-1996,1998,0
Quality Management,M,110857,04-03-1991,02-03-1996,1999,0
Quality Management,M,110857,04-03-1991,02-03-1996,2000,0
Quality Management,M,110858,27-06-1990,26-06-1995,1990,1
Quality Management,M,110858,27-06-1990,26-06-1995,1991,1
Quality Management,M,110858,27-06-1990,26-06-1995,1992,1
Quality Management,M,110858,27-06-1990,26-06-1995,1993,1
Quality Management,M,110858,27-06-1990,26-06-1995,1994,1
Quality Management,M,110858,27-06-1990,26-06-1995,1995,1
Quality Management,M,110858,27-06-1990,26-06-1995,1996,0
Quality Management,M,110858,27-06-1990,26-06-1995,1997,0
Quality Management,M,110858,27-06-1990,26-06-1995,1998,0
Quality Management,M,110858,27-06-1990,26-06-1995,1999,0
Quality Management,M,110858,27-06-1990,26-06-1995,2000,0
Quality Management,F,110859,29-12-1996,28-12-2002,1990,0
Quality Management,F,110859,29-12-1996,28-12-2002,1991,0
Quality Management,F,110859,29-12-1996,28-12-2002,1992,0
Quality Management,F,110859,29-12-1996,28-12-2002,1993,0
Quality Management,F,110859,29-12-1996,28-12-2002,1994,0
Quality Management,F,110859,29-12-1996,28-12-2002,1995,0
Quality Management,F,110859,29-12-1996,28-12-2002,1996,1
Quality Management,F,110859,29-12-1996,28-12-2002,1997,1
Quality Management,F,110859,29-12-1996,28-12-2002,1998,1
Quality Management,F,110859,29-12-1996,28-12-2002,1999,1
Quality Management,F,110859,29-12-1996,28-12-2002,2000,1
Quality Management,F,110860,06-01-1993,05-01-1999,1990,0
Quality Management,F,110860,06-01-1993,05-01-1999,1991,0
Quality Management,F,110860,06-01-1993,05-01-1999,1992,0
Quality Management,F,110860,06-01-1993,05-01-1999,1993,1
Quality Management,F,110860,06-01-1993,05-01-1999,1994,1
Quality Management,F,110860,06-01-1993,05-01-1999,1995,1
Quality Management,F,110860,06-01-1993,05-01-1999,1996,1
Quality Management,F,110860,06-01-1993,05-01-1999,1997,1
Quality Management,F,110860,06-01-1993,05-01-1999,1998,1
Quality Management,F,110860,06-01-1993,05-01-1999,1999,1
Quality Management,F,110860,06-01-1993,05-01-1999,2000,0
Quality Management,F,110861,10-08-1994,09-08-1999,1990,0
Quality Management,F,110861,10-08-1994,09-08-1999,1991,0
Quality Management,F,110861,10-08-1994,09-08-1999,1992,0
Quality Management,F,110861,10-08-1994,09-08-1999,1993,0
Quality Management,F,110861,10-08-1994,09-08-1999,1994,1
Quality Management,F,110861,10-08-1994,09-08-1999,1995,1
Quality Management,F,110861,10-08-1994,09-08-1999,1996,1
Quality Management,F,110861,10-08-1994,09-08-1999,1997,1
Quality Management,F,110861,10-08-1994,09-08-1999,1998,1
Quality Management,F,110861,10-08-1994,09-08-1999,1999,1
Quality Management,F,110861,10-08-1994,09-08-1999,2000,0
Quality Management,M,110862,09-06-1991,07-06-1999,1990,0
Quality Management,M,110862,09-06-1991,07-06-1999,1991,1
Quality Management,M,110862,09-06-1991,07-06-1999,1992,1
Quality Management,M,110862,09-06-1991,07-06-1999,1993,1
Quality Management,M,110862,09-06-1991,07-06-1999,1994,1
Quality Management,M,110862,09-06-1991,07-06-1999,1995,1
Quality Management,M,110862,09-06-1991,07-06-1999,1996,1
Quality Management,M,110862,09-06-1991,07-06-1999,1997,1
Quality Management,M,110862,09-06-1991,07-06-1999,1998,1
Quality Management,M,110862,09-06-1991,07-06-1999,1999,1
Quality Management,M,110862,09-06-1991,07-06-1999,2000,0
Quality Management,M,110863,14-05-1995,12-05-2001,1990,0
Quality Management,M,110863,14-05-1995,12-05-2001,1991,0
Quality Management,M,110863,14-05-1995,12-05-2001,1992,0
Quality Management,M,110863,14-05-1995,12-05-2001,1993,0
Quality Management,M,110863,14-05-1995,12-05-2001,1994,0
Quality Management,M,110863,14-05-1995,12-05-2001,1995,1
Quality Management,M,110863,14-05-1995,12-05-2001,1996,1
Quality Management,M,110863,14-05-1995,12-05-2001,1997,1
Quality Management,M,110863,14-05-1995,12-05-2001,1998,1
Quality Management,M,110863,14-05-1995,12-05-2001,1999,1
Quality Management,M,110863,14-05-1995,12-05-2001,2000,1
Quality Management,M,110864,12-05-1994,11-05-1999,1990,0
Quality Management,M,110864,12-05-1994,11-05-1999,1991,0
Quality Management,M,110864,12-05-1994,11-05-1999,1992,0
Quality Management,M,110864,12-05-1994,11-05-1999,1993,0
Quality Management,M,110864,12-05-1994,11-05-1999,1994,1
Quality Management,M,110864,12-05-1994,11-05-1999,1995,1
Quality Management,M,110864,12-05-1994,11-05-1999,1996,1
Quality Management,M,110864,12-05-1994,11-05-1999,1997,1
Quality Management,M,110864,12-05-1994,11-05-1999,1998,1
Quality Management,M,110864,12-05-1994,11-05-1999,1999,1
Quality Management,M,110864,12-05-1994,11-05-1999,2000,0
Quality Management,F,110865,03-03-1992,02-03-1997,1990,0
Quality Management,F,110865,03-03-1992,02-03-1997,1991,0
Quality Management,F,110865,03-03-1992,02-03-1997,1992,1
Quality Management,F,110865,03-03-1992,02-03-1997,1993,1
Quality Management,F,110865,03-03-1992,02-03-1997,1994,1
Quality Management,F,110865,03-03-1992,02-03-1997,1995,1
Quality Management,F,110865,03-03-1992,02-03-1997,1996,1
Quality Management,F,110865,03-03-1992,02-03-1997,1997,1
Quality Management,F,110865,03-03-1992,02-03-1997,1998,0
Quality Management,F,110865,03-03-1992,02-03-1997,1999,0
Quality Management,F,110865,03-03-1992,02-03-1997,2000,0
Quality Management,M,110866,18-06-1990,23-12-1994,1990,1
Quality Management,M,110866,18-06-1990,23-12-1994,1991,1
Quality Management,M,110866,18-06-1990,23-12-1994,1992,1
Quality Management,M,110866,18-06-1990,23-12-1994,1993,1
Quality Management,M,110866,18-06-1990,23-12-1994,1994,1
Quality Management,M,110866,18-06-1990,23-12-1994,1995,0
Quality Management,M,110866,18-06-1990,23-12-1994,1996,0
Quality Management,M,110866,18-06-1990,23-12-1994,1997,0
Quality Management,M,110866,18-06-1990,23-12-1994,1998,0
Quality Management,M,110866,18-06-1990,23-12-1994,1999,0
Quality Management,M,110866,18-06-1990,23-12-1994,2000,0
Quality Management,M,110867,17-05-1993,16-05-1998,1990,0
Quality Management,M,110867,17-05-1993,16-05-1998,1991,0
Quality Management,M,110867,17-05-1993,16-05-1998,1992,0
Quality Management,M,110867,17-05-1993,16-05-1998,1993,1
Quality Management,M,110867,17-05-1993,16-05-1998,1994,1
Quality Management,M,110867,17-05-1993,16-05-1998,1995,1
Quality Management,M,110867,17-05-1993,16-05-1998,1996,1
Quality Management,M,110867,17-05-1993,16-05-1998,1997,1
Quality Management,M,110867,17-05-1993,16-05-1998,1998,1
Quality Management,M,110867,17-05-1993,16-05-1998,1999,0
Quality Management,M,110867,17-05-1993,16-05-1998,2000,0
Quality Management,M,110868,30-12-1994,28-12-2000,1990,0
Quality Management,M,110868,30-12-1994,28-12-2000,1991,0
Quality Management,M,110868,30-12-1994,28-12-2000,1992,0
Quality Management,M,110868,30-12-1994,28-12-2000,1993,0
Quality Management,M,110868,30-12-1994,28-12-2000,1994,1
Quality Management,M,110868,30-12-1994,28-12-2000,1995,1
Quality Management,M,110868,30-12-1994,28-12-2000,1996,1
Quality Management,M,110868,30-12-1994,28-12-2000,1997,1
Quality Management,M,110868,30-12-1994,28-12-2000,1998,1
Quality Management,M,110868,30-12-1994,28-12-2000,1999,1
Quality Management,M,110868,30-12-1994,28-12-2000,2000,1
Quality Management,M,110869,29-05-1998,27-11-2000,1990,0
Quality Management,M,110869,29-05-1998,27-11-2000,1991,0
Quality Management,M,110869,29-05-1998,27-11-2000,1992,0
Quality Management,M,110869,29-05-1998,27-11-2000,1993,0
Quality Management,M,110869,29-05-1998,27-11-2000,1994,0
Quality Management,M,110869,29-05-1998,27-11-2000,1995,0
Quality Management,M,110869,29-05-1998,27-11-2000,1996,0
Quality Management,M,110869,29-05-1998,27-11-2000,1997,0
Quality Management,M,110869,29-05-1998,27-11-2000,1998,1
Quality Management,M,110869,29-05-1998,27-11-2000,1999,1
Quality Management,M,110869,29-05-1998,27-11-2000,2000,1
Sales,M,111035,30-12-1992,29-12-1998,1990,0
Sales,M,111035,30-12-1992,29-12-1998,1991,0
Sales,M,111035,30-12-1992,29-12-1998,1992,1
Sales,M,111035,30-12-1992,29-12-1998,1993,1
Sales,M,111035,30-12-1992,29-12-1998,1994,1
Sales,M,111035,30-12-1992,29-12-1998,1995,1
Sales,M,111035,30-12-1992,29-12-1998,1996,1
Sales,M,111035,30-12-1992,29-12-1998,1997,1
Sales,M,111035,30-12-1992,29-12-1998,1998,1
Sales,M,111035,30-12-1992,29-12-1998,1999,0
Sales,M,111035,30-12-1992,29-12-1998,2000,0
Sales,M,111133,29-12-1991,27-12-1996,1990,0
Sales,M,111133,29-12-1991,27-12-1996,1991,1
Sales,M,111133,29-12-1991,27-12-1996,1992,1
Sales,M,111133,29-12-1991,27-12-1996,1993,1
Sales,M,111133,29-12-1991,27-12-1996,1994,1
Sales,M,111133,29-12-1991,27-12-1996,1995,1
Sales,M,111133,29-12-1991,27-12-1996,1996,1
Sales,M,111133,29-12-1991,27-12-1996,1997,0
Sales,M,111133,29-12-1991,27-12-1996,1998,0
Sales,M,111133,29-12-1991,27-12-1996,1999,0
Sales,M,111133,29-12-1991,27-12-1996,2000,0
Sales,M,111134,13-06-1992,12-06-1998,1990,0
Sales,M,111134,13-06-1992,12-06-1998,1991,0
Sales,M,111134,13-06-1992,12-06-1998,1992,1
Sales,M,111134,13-06-1992,12-06-1998,1993,1
Sales,M,111134,13-06-1992,12-06-1998,1994,1
Sales,M,111134,13-06-1992,12-06-1998,1995,1
Sales,M,111134,13-06-1992,12-06-1998,1996,1
Sales,M,111134,13-06-1992,12-06-1998,1997,1
Sales,M,111134,13-06-1992,12-06-1998,1998,1
Sales,M,111134,13-06-1992,12-06-1998,1999,0
Sales,M,111134,13-06-1992,12-06-1998,2000,0
Sales,M,111135,14-01-1994,13-01-1999,1990,0
Sales,M,111135,14-01-1994,13-01-1999,1991,0
Sales,M,111135,14-01-1994,13-01-1999,1992,0
Sales,M,111135,14-01-1994,13-01-1999,1993,0
Sales,M,111135,14-01-1994,13-01-1999,1994,1
Sales,M,111135,14-01-1994,13-01-1999,1995,1
Sales,M,111135,14-01-1994,13-01-1999,1996,1
Sales,M,111135,14-01-1994,13-01-1999,1997,1
Sales,M,111135,14-01-1994,13-01-1999,1998,1
Sales,M,111135,14-01-1994,13-01-1999,1999,1
Sales,M,111135,14-01-1994,13-01-1999,2000,0
Sales,M,111136,13-06-1994,11-06-2001,1990,0
Sales,M,111136,13-06-1994,11-06-2001,1991,0
Sales,M,111136,13-06-1994,11-06-2001,1992,0
Sales,M,111136,13-06-1994,11-06-2001,1993,0
Sales,M,111136,13-06-1994,11-06-2001,1994,1
Sales,M,111136,13-06-1994,11-06-2001,1995,1
Sales,M,111136,13-06-1994,11-06-2001,1996,1
Sales,M,111136,13-06-1994,11-06-2001,1997,1
Sales,M,111136,13-06-1994,11-06-2001,1998,1
Sales,M,111136,13-06-1994,11-06-2001,1999,1
Sales,M,111136,13-06-1994,11-06-2001,2000,1
Sales,M,111137,04-05-1993,03-05-1998,1990,0
Sales,M,111137,04-05-1993,03-05-1998,1991,0
Sales,M,111137,04-05-1993,03-05-1998,1992,0
Sales,M,111137,04-05-1993,03-05-1998,1993,1
Sales,M,111137,04-05-1993,03-05-1998,1994,1
Sales,M,111137,04-05-1993,03-05-1998,1995,1
Sales,M,111137,04-05-1993,03-05-1998,1996,1
Sales,M,111137,04-05-1993,03-05-1998,1997,1
Sales,M,111137,04-05-1993,03-05-1998,1998,1
Sales,M,111137,04-05-1993,03-05-1998,1999,0
Sales,M,111137,04-05-1993,03-05-1998,2000,0
Sales,M,111138,26-03-1996,25-03-2001,1990,0
Sales,M,111138,26-03-1996,25-03-2001,1991,0
Sales,M,111138,26-03-1996,25-03-2001,1992,0
Sales,M,111138,26-03-1996,25-03-2001,1993,0
Sales,M,111138,26-03-1996,25-03-2001,1994,0
Sales,M,111138,26-03-1996,25-03-2001,1995,0
Sales,M,111138,26-03-1996,25-03-2001,1996,1
Sales,M,111138,26-03-1996,25-03-2001,1997,1
Sales,M,111138,26-03-1996,25-03-2001,1998,1
Sales,M,111138,26-03-1996,25-03-2001,1999,1
Sales,M,111138,26-03-1996,25-03-2001,2000,1
Sales,M,111139,19-07-1995,15-06-9997,1990,0
Sales,M,111139,19-07-1995,15-06-9997,1991,0
Sales,M,111139,19-07-1995,15-06-9997,1992,0
Sales,M,111139,19-07-1995,15-06-9997,1993,0
Sales,M,111139,19-07-1995,15-06-9997,1994,0
Sales,M,111139,19-07-1995,15-06-9997,1995,1
Sales,M,111139,19-07-1995,15-06-9997,1996,1
Sales,M,111139,19-07-1995,15-06-9997,1997,1
Sales,M,111139,19-07-1995,15-06-9997,1998,1
Sales,M,111139,19-07-1995,15-06-9997,1999,1
Sales,M,111139,19-07-1995,15-06-9997,2000,1
Sales,F,111140,12-06-1997,11-06-2003,1990,0
Sales,F,111140,12-06-1997,11-06-2003,1991,0
Sales,F,111140,12-06-1997,11-06-2003,1992,0
Sales,F,111140,12-06-1997,11-06-2003,1993,0
Sales,F,111140,12-06-1997,11-06-2003,1994,0
Sales,F,111140,12-06-1997,11-06-2003,1995,0
Sales,F,111140,12-06-1997,11-06-2003,1996,0
Sales,F,111140,12-06-1997,11-06-2003,1997,1
Sales,F,111140,12-06-1997,11-06-2003,1998,1
Sales,F,111140,12-06-1997,11-06-2003,1999,1
Sales,F,111140,12-06-1997,11-06-2003,2000,1
Sales,F,111141,20-06-1993,19-06-1999,1990,0
Sales,F,111141,20-06-1993,19-06-1999,1991,0
Sales,F,111141,20-06-1993,19-06-1999,1992,0
Sales,F,111141,20-06-1993,19-06-1999,1993,1
Sales,F,111141,20-06-1993,19-06-1999,1994,1
Sales,F,111141,20-06-1993,19-06-1999,1995,1
Sales,F,111141,20-06-1993,19-06-1999,1996,1
Sales,F,111141,20-06-1993,19-06-1999,1997,1
Sales,F,111141,20-06-1993,19-06-1999,1998,1
Sales,F,111141,20-06-1993,19-06-1999,1999,1
Sales,F,111141,20-06-1993,19-06-1999,2000,0
Sales,M,111142,22-01-1995,21-01-2000,1990,0
Sales,M,111142,22-01-1995,21-01-2000,1991,0
Sales,M,111142,22-01-1995,21-01-2000,1992,0
Sales,M,111142,22-01-1995,21-01-2000,1993,0
Sales,M,111142,22-01-1995,21-01-2000,1994,0
Sales,M,111142,22-01-1995,21-01-2000,1995,1
Sales,M,111142,22-01-1995,21-01-2000,1996,1
Sales,M,111142,22-01-1995,21-01-2000,1997,1
Sales,M,111142,22-01-1995,21-01-2000,1998,1
Sales,M,111142,22-01-1995,21-01-2000,1999,1
Sales,M,111142,22-01-1995,21-01-2000,2000,1
Sales,F,111143,21-11-1991,19-11-1999,1990,0
Sales,F,111143,21-11-1991,19-11-1999,1991,1
Sales,F,111143,21-11-1991,19-11-1999,1992,1
Sales,F,111143,21-11-1991,19-11-1999,1993,1
Sales,F,111143,21-11-1991,19-11-1999,1994,1
Sales,F,111143,21-11-1991,19-11-1999,1995,1
Sales,F,111143,21-11-1991,19-11-1999,1996,1
Sales,F,111143,21-11-1991,19-11-1999,1997,1
Sales,F,111143,21-11-1991,19-11-1999,1998,1
Sales,F,111143,21-11-1991,19-11-1999,1999,1
Sales,F,111143,21-11-1991,19-11-1999,2000,0
Sales,M,111144,13-06-1992,12-06-1999,1990,0
Sales,M,111144,13-06-1992,12-06-1999,1991,0
Sales,M,111144,13-06-1992,12-06-1999,1992,1
Sales,M,111144,13-06-1992,12-06-1999,1993,1
Sales,M,111144,13-06-1992,12-06-1999,1994,1
Sales,M,111144,13-06-1992,12-06-1999,1995,1
Sales,M,111144,13-06-1992,12-06-1999,1996,1
Sales,M,111144,13-06-1992,12-06-1999,1997,1
Sales,M,111144,13-06-1992,12-06-1999,1998,1
Sales,M,111144,13-06-1992,12-06-1999,1999,1
Sales,M,111144,13-06-1992,12-06-1999,2000,0
Sales,M,111145,05-01-1990,13-06-1995,1990,1
Sales,M,111145,05-01-1990,13-06-1995,1991,1
Sales,M,111145,05-01-1990,13-06-1995,1992,1
Sales,M,111145,05-01-1990,13-06-1995,1993,1
Sales,M,111145,05-01-1990,13-06-1995,1994,1
Sales,M,111145,05-01-1990,13-06-1995,1995,1
Sales,M,111145,05-01-1990,13-06-1995,1996,0
Sales,M,111145,05-01-1990,13-06-1995,1997,0
Sales,M,111145,05-01-1990,13-06-1995,1998,0
Sales,M,111145,05-01-1990,13-06-1995,1999,0
Sales,M,111145,05-01-1990,13-06-1995,2000,0
Sales,M,111146,15-01-1991,14-01-1996,1990,0
Sales,M,111146,15-01-1991,14-01-1996,1991,1
Sales,M,111146,15-01-1991,14-01-1996,1992,1
Sales,M,111146,15-01-1991,14-01-1996,1993,1
Sales,M,111146,15-01-1991,14-01-1996,1994,1
Sales,M,111146,15-01-1991,14-01-1996,1995,1
Sales,M,111146,15-01-1991,14-01-1996,1996,1
Sales,M,111146,15-01-1991,14-01-1996,1997,0
Sales,M,111146,15-01-1991,14-01-1996,1998,0
Sales,M,111146,15-01-1991,14-01-1996,1999,0
Sales,M,111146,15-01-1991,14-01-1996,2000,0
Sales,F,111147,06-10-1995,04-10-2001,1990,0
Sales,F,111147,06-10-1995,04-10-2001,1991,0
Sales,F,111147,06-10-1995,04-10-2001,1992,0
Sales,F,111147,06-10-1995,04-10-2001,1993,0
Sales,F,111147,06-10-1995,04-10-2001,1994,0
Sales,F,111147,06-10-1995,04-10-2001,1995,1
Sales,F,111147,06-10-1995,04-10-2001,1996,1
Sales,F,111147,06-10-1995,04-10-2001,1997,1
Sales,F,111147,06-10-1995,04-10-2001,1998,1
Sales,F,111147,06-10-1995,04-10-2001,1999,1
Sales,F,111147,06-10-1995,04-10-2001,2000,1
Sales,M,111148,14-10-1991,12-10-1997,1990,0
Sales,M,111148,14-10-1991,12-10-1997,1991,1
Sales,M,111148,14-10-1991,12-10-1997,1992,1
Sales,M,111148,14-10-1991,12-10-1997,1993,1
Sales,M,111148,14-10-1991,12-10-1997,1994,1
Sales,M,111148,14-10-1991,12-10-1997,1995,1
Sales,M,111148,14-10-1991,12-10-1997,1996,1
Sales,M,111148,14-10-1991,12-10-1997,1997,1
Sales,M,111148,14-10-1991,12-10-1997,1998,0
Sales,M,111148,14-10-1991,12-10-1997,1999,0
Sales,M,111148,14-10-1991,12-10-1997,2000,0
Sales,M,111149,29-05-1999,27-05-2000,1990,0
Sales,M,111149,29-05-1999,27-05-2000,1991,0
Sales,M,111149,29-05-1999,27-05-2000,1992,0
Sales,M,111149,29-05-1999,27-05-2000,1993,0
Sales,M,111149,29-05-1999,27-05-2000,1994,0
Sales,M,111149,29-05-1999,27-05-2000,1995,0
Sales,M,111149,29-05-1999,27-05-2000,1996,0
Sales,M,111149,29-05-1999,27-05-2000,1997,0
Sales,M,111149,29-05-1999,27-05-2000,1998,0
Sales,M,111149,29-05-1999,27-05-2000,1999,1
Sales,M,111149,29-05-1999,27-05-2000,2000,1
Sales,F,111150,29-05-2000,27-04-2005,1990,0
Sales,F,111150,29-05-2000,27-04-2005,1991,0
Sales,F,111150,29-05-2000,27-04-2005,1992,0
Sales,F,111150,29-05-2000,27-04-2005,1993,0
Sales,F,111150,29-05-2000,27-04-2005,1994,0
Sales,F,111150,29-05-2000,27-04-2005,1995,0
Sales,F,111150,29-05-2000,27-04-2005,1996,0
Sales,F,111150,29-05-2000,27-04-2005,1997,0
Sales,F,111150,29-05-2000,27-04-2005,1998,0
Sales,F,111150,29-05-2000,27-04-2005,1999,0
Sales,F,111150,29-05-2000,27-04-2005,2000,1
Research,M,111400,11-03-1990,29-12-1999,1990,1
Research,M,111400,11-03-1990,29-12-1999,1991,1
Research,M,111400,11-03-1990,29-12-1999,1992,1
Research,M,111400,11-03-1990,29-12-1999,1993,1
Research,M,111400,11-03-1990,29-12-1999,1994,1
Research,M,111400,11-03-1990,29-12-1999,1995,1
Research,M,111400,11-03-1990,29-12-1999,1996,1
Research,M,111400,11-03-1990,29-12-1999,1997,1
Research,M,111400,11-03-1990,29-12-1999,1998,1
Research,M,111400,11-03-1990,29-12-1999,1999,1
Research,M,111400,11-03-1990,29-12-1999,2000,0
Research,F,111534,30-01-1991,28-01-1999,1990,0
Research,F,111534,30-01-1991,28-01-1999,1991,1
Research,F,111534,30-01-1991,28-01-1999,1992,1
Research,F,111534,30-01-1991,28-01-1999,1993,1
Research,F,111534,30-01-1991,28-01-1999,1994,1
Research,F,111534,30-01-1991,28-01-1999,1995,1
Research,F,111534,30-01-1991,28-01-1999,1996,1
Research,F,111534,30-01-1991,28-01-1999,1997,1
Research,F,111534,30-01-1991,28-01-1999,1998,1
Research,F,111534,30-01-1991,28-01-1999,1999,1
Research,F,111534,30-01-1991,28-01-1999,2000,0
Research,F,111535,12-06-1996,12-06-1999,1990,0
Research,F,111535,12-06-1996,12-06-1999,1991,0
Research,F,111535,12-06-1996,12-06-1999,1992,0
Research,F,111535,12-06-1996,12-06-1999,1993,0
Research,F,111535,12-06-1996,12-06-1999,1994,0
Research,F,111535,12-06-1996,12-06-1999,1995,0
Research,F,111535,12-06-1996,12-06-1999,1996,1
Research,F,111535,12-06-1996,12-06-1999,1997,1
Research,F,111535,12-06-1996,12-06-1999,1998,1
Research,F,111535,12-06-1996,12-06-1999,1999,1
Research,F,111535,12-06-1996,12-06-1999,2000,0
Research,M,111536,21-09-1997,15-06-9999,1990,0
Research,M,111536,21-09-1997,15-06-9999,1991,0
Research,M,111536,21-09-1997,15-06-9999,1992,0
Research,M,111536,21-09-1997,15-06-9999,1993,0
Research,M,111536,21-09-1997,15-06-9999,1994,0
Research,M,111536,21-09-1997,15-06-9999,1995,0
Research,M,111536,21-09-1997,15-06-9999,1996,0
Research,M,111536,21-09-1997,15-06-9999,1997,1
Research,M,111536,21-09-1997,15-06-9999,1998,1
Research,M,111536,21-09-1997,15-06-9999,1999,1
Research,M,111536,21-09-1997,15-06-9999,2000,1
Research,M,111537,13-06-1992,12-06-1998,1990,0
Research,M,111537,13-06-1992,12-06-1998,1991,0
Research,M,111537,13-06-1992,12-06-1998,1992,1
Research,M,111537,13-06-1992,12-06-1998,1993,1
Research,M,111537,13-06-1992,12-06-1998,1994,1
Research,M,111537,13-06-1992,12-06-1998,1995,1
Research,M,111537,13-06-1992,12-06-1998,1996,1
Research,M,111537,13-06-1992,12-06-1998,1997,1
Research,M,111537,13-06-1992,12-06-1998,1998,1
Research,M,111537,13-06-1992,12-06-1998,1999,0
Research,M,111537,13-06-1992,12-06-1998,2000,0
Research,M,111538,14-01-1994,13-01-1999,1990,0
Research,M,111538,14-01-1994,13-01-1999,1991,0
Research,M,111538,14-01-1994,13-01-1999,1992,0
Research,M,111538,14-01-1994,13-01-1999,1993,0
Research,M,111538,14-01-1994,13-01-1999,1994,1
Research,M,111538,14-01-1994,13-01-1999,1995,1
Research,M,111538,14-01-1994,13-01-1999,1996,1
Research,M,111538,14-01-1994,13-01-1999,1997,1
Research,M,111538,14-01-1994,13-01-1999,1998,1
Research,M,111538,14-01-1994,13-01-1999,1999,1
Research,M,111538,14-01-1994,13-01-1999,2000,0
Research,F,111539,13-06-1994,11-06-2001,1990,0
Research,F,111539,13-06-1994,11-06-2001,1991,0
Research,F,111539,13-06-1994,11-06-2001,1992,0
Research,F,111539,13-06-1994,11-06-2001,1993,0
Research,F,111539,13-06-1994,11-06-2001,1994,1
Research,F,111539,13-06-1994,11-06-2001,1995,1
Research,F,111539,13-06-1994,11-06-2001,1996,1
Research,F,111539,13-06-1994,11-06-2001,1997,1
Research,F,111539,13-06-1994,11-06-2001,1998,1
Research,F,111539,13-06-1994,11-06-2001,1999,1
Research,F,111539,13-06-1994,11-06-2001,2000,1
Research,F,111540,04-05-1993,03-05-1998,1990,0
Research,F,111540,04-05-1993,03-05-1998,1991,0
Research,F,111540,04-05-1993,03-05-1998,1992,0
Research,F,111540,04-05-1993,03-05-1998,1993,1
Research,F,111540,04-05-1993,03-05-1998,1994,1
Research,F,111540,04-05-1993,03-05-1998,1995,1
Research,F,111540,04-05-1993,03-05-1998,1996,1
Research,F,111540,04-05-1993,03-05-1998,1997,1
Research,F,111540,04-05-1993,03-05-1998,1998,1
Research,F,111540,04-05-1993,03-05-1998,1999,0
Research,F,111540,04-05-1993,03-05-1998,2000,0
Research,M,111541,26-03-1996,25-03-2001,1990,0
Research,M,111541,26-03-1996,25-03-2001,1991,0
Research,M,111541,26-03-1996,25-03-2001,1992,0
Research,M,111541,26-03-1996,25-03-2001,1993,0
Research,M,111541,26-03-1996,25-03-2001,1994,0
Research,M,111541,26-03-1996,25-03-2001,1995,0
Research,M,111541,26-03-1996,25-03-2001,1996,1
Research,M,111541,26-03-1996,25-03-2001,1997,1
Research,M,111541,26-03-1996,25-03-2001,1998,1
Research,M,111541,26-03-1996,25-03-2001,1999,1
Research,M,111541,26-03-1996,25-03-2001,2000,1
Research,M,111542,19-07-1995,15-06-9999,1990,0
Research,M,111542,19-07-1995,15-06-9999,1991,0
Research,M,111542,19-07-1995,15-06-9999,1992,0
Research,M,111542,19-07-1995,15-06-9999,1993,0
Research,M,111542,19-07-1995,15-06-9999,1994,0
Research,M,111542,19-07-1995,15-06-9999,1995,1
Research,M,111542,19-07-1995,15-06-9999,1996,1
Research,M,111542,19-07-1995,15-06-9999,1997,1
Research,M,111542,19-07-1995,15-06-9999,1998,1
Research,M,111542,19-07-1995,15-06-9999,1999,1
Research,M,111542,19-07-1995,15-06-9999,2000,1
Research,M,111543,12-06-1997,11-06-2003,1990,0
Research,M,111543,12-06-1997,11-06-2003,1991,0
Research,M,111543,12-06-1997,11-06-2003,1992,0
Research,M,111543,12-06-1997,11-06-2003,1993,0
Research,M,111543,12-06-1997,11-06-2003,1994,0
Research,M,111543,12-06-1997,11-06-2003,1995,0
Research,M,111543,12-06-1997,11-06-2003,1996,0
Research,M,111543,12-06-1997,11-06-2003,1997,1
Research,M,111543,12-06-1997,11-06-2003,1998,1
Research,M,111543,12-06-1997,11-06-2003,1999,1
Research,M,111543,12-06-1997,11-06-2003,2000,1
Research,M,111544,20-06-1993,19-06-1999,1990,0
Research,M,111544,20-06-1993,19-06-1999,1991,0
Research,M,111544,20-06-1993,19-06-1999,1992,0
Research,M,111544,20-06-1993,19-06-1999,1993,1
Research,M,111544,20-06-1993,19-06-1999,1994,1
Research,M,111544,20-06-1993,19-06-1999,1995,1
Research,M,111544,20-06-1993,19-06-1999,1996,1
Research,M,111544,20-06-1993,19-06-1999,1997,1
Research,M,111544,20-06-1993,19-06-1999,1998,1
Research,M,111544,20-06-1993,19-06-1999,1999,1
Research,M,111544,20-06-1993,19-06-1999,2000,0
Research,F,111545,29-05-1999,01-01-9999,1990,0
Research,F,111545,29-05-1999,01-01-9999,1991,0
Research,F,111545,29-05-1999,01-01-9999,1992,0
Research,F,111545,29-05-1999,01-01-9999,1993,0
Research,F,111545,29-05-1999,01-01-9999,1994,0
Research,F,111545,29-05-1999,01-01-9999,1995,0
Research,F,111545,29-05-1999,01-01-9999,1996,0
Research,F,111545,29-05-1999,01-01-9999,1997,0
Research,F,111545,29-05-1999,01-01-9999,1998,0
Research,F,111545,29-05-1999,01-01-9999,1999,1
Research,F,111545,29-05-1999,01-01-9999,2000,1
Customer Service,F,111692,20-05-1991,28-12-2001,1990,0
Customer Service,F,111692,20-05-1991,28-12-2001,1991,1
Customer Service,F,111692,20-05-1991,28-12-2001,1992,1
Customer Service,F,111692,20-05-1991,28-12-2001,1993,1
Customer Service,F,111692,20-05-1991,28-12-2001,1994,1
Customer Service,F,111692,20-05-1991,28-12-2001,1995,1
Customer Service,F,111692,20-05-1991,28-12-2001,1996,1
Customer Service,F,111692,20-05-1991,28-12-2001,1997,1
Customer Service,F,111692,20-05-1991,28-12-2001,1998,1
Customer Service,F,111692,20-05-1991,28-12-2001,1999,1
Customer Service,F,111692,20-05-1991,28-12-2001,2000,1
Customer Service,F,111784,10-02-1993,09-02-1997,1990,0
Customer Service,F,111784,10-02-1993,09-02-1997,1991,0
Customer Service,F,111784,10-02-1993,09-02-1997,1992,0
Customer Service,F,111784,10-02-1993,09-02-1997,1993,1
Customer Service,F,111784,10-02-1993,09-02-1997,1994,1
Customer Service,F,111784,10-02-1993,09-02-1997,1995,1
Customer Service,F,111784,10-02-1993,09-02-1997,1996,1
Customer Service,F,111784,10-02-1993,09-02-1997,1997,1
Customer Service,F,111784,10-02-1993,09-02-1997,1998,0
Customer Service,F,111784,10-02-1993,09-02-1997,1999,0
Customer Service,F,111784,10-02-1993,09-02-1997,2000,0
Customer Service,F,111877,16-08-1995,15-08-1999,1990,0
Customer Service,F,111877,16-08-1995,15-08-1999,1991,0
Customer Service,F,111877,16-08-1995,15-08-1999,1992,0
Customer Service,F,111877,16-08-1995,15-08-1999,1993,0
Customer Service,F,111877,16-08-1995,15-08-1999,1994,0
Customer Service,F,111877,16-08-1995,15-08-1999,1995,1
Customer Service,F,111877,16-08-1995,15-08-1999,1996,1
Customer Service,F,111877,16-08-1995,15-08-1999,1997,1
Customer Service,F,111877,16-08-1995,15-08-1999,1998,1
Customer Service,F,111877,16-08-1995,15-08-1999,1999,1
Customer Service,F,111877,16-08-1995,15-08-1999,2000,0
Customer Service,M,111939,08-07-1997,01-01-9999,1990,0
Customer Service,M,111939,08-07-1997,01-01-9999,1991,0
Customer Service,M,111939,08-07-1997,01-01-9999,1992,0
Customer Service,M,111939,08-07-1997,01-01-9999,1993,0
Customer Service,M,111939,08-07-1997,01-01-9999,1994,0
Customer Service,M,111939,08-07-1997,01-01-9999,1995,0
Customer Service,M,111939,08-07-1997,01-01-9999,1996,0
Customer Service,M,111939,08-07-1997,01-01-9999,1997,1
Customer Service,M,111939,08-07-1997,01-01-9999,1998,1
Customer Service,M,111939,08-07-1997,01-01-9999,1999,1
Customer Service,M,111939,08-07-1997,01-01-9999,2000,1
Customer Service,M,111940,20-09-1996,19-09-2002,1990,0
Customer Service,M,111940,20-09-1996,19-09-2002,1991,0
Customer Service,M,111940,20-09-1996,19-09-2002,1992,0
Customer Service,M,111940,20-09-1996,19-09-2002,1993,0
Customer Service,M,111940,20-09-1996,19-09-2002,1994,0
Customer Service,M,111940,20-09-1996,19-09-2002,1995,0
Customer Service,M,111940,20-09-1996,19-09-2002,1996,1
Customer Service,M,111940,20-09-1996,19-09-2002,1997,1
Customer Service,M,111940,20-09-1996,19-09-2002,1998,1
Customer Service,M,111940,20-09-1996,19-09-2002,1999,1
Customer Service,M,111940,20-09-1996,19-09-2002,2000,1
Customer Service,M,111941,28-09-1992,27-09-1998,1990,0
Customer Service,M,111941,28-09-1992,27-09-1998,1991,0
Customer Service,M,111941,28-09-1992,27-09-1998,1992,1
Customer Service,M,111941,28-09-1992,27-09-1998,1993,1
Customer Service,M,111941,28-09-1992,27-09-1998,1994,1
Customer Service,M,111941,28-09-1992,27-09-1998,1995,1
Customer Service,M,111941,28-09-1992,27-09-1998,1996,1
Customer Service,M,111941,28-09-1992,27-09-1998,1997,1
Customer Service,M,111941,28-09-1992,27-09-1998,1998,1
Customer Service,M,111941,28-09-1992,27-09-1998,1999,0
Customer Service,M,111941,28-09-1992,27-09-1998,2000,0
Customer Service,F,111942,02-05-1994,01-05-1999,1990,0
Customer Service,F,111942,02-05-1994,01-05-1999,1991,0
Customer Service,F,111942,02-05-1994,01-05-1999,1992,0
Customer Service,F,111942,02-05-1994,01-05-1999,1993,0
Customer Service,F,111942,02-05-1994,01-05-1999,1994,1
Customer Service,F,111942,02-05-1994,01-05-1999,1995,1
Customer Service,F,111942,02-05-1994,01-05-1999,1996,1
Customer Service,F,111942,02-05-1994,01-05-1999,1997,1
Customer Service,F,111942,02-05-1994,01-05-1999,1998,1
Customer Service,F,111942,02-05-1994,01-05-1999,1999,1
Customer Service,F,111942,02-05-1994,01-05-1999,2000,0
Customer Service,M,111943,01-03-1991,27-02-1999,1990,0
Customer Service,M,111943,01-03-1991,27-02-1999,1991,1
Customer Service,M,111943,01-03-1991,27-02-1999,1992,1
Customer Service,M,111943,01-03-1991,27-02-1999,1993,1
Customer Service,M,111943,01-03-1991,27-02-1999,1994,1
Customer Service,M,111943,01-03-1991,27-02-1999,1995,1
Customer Service,M,111943,01-03-1991,27-02-1999,1996,1
Customer Service,M,111943,01-03-1991,27-02-1999,1997,1
Customer Service,M,111943,01-03-1991,27-02-1999,1998,1
Customer Service,M,111943,01-03-1991,27-02-1999,1999,1
Customer Service,M,111943,01-03-1991,27-02-1999,2000,0
Customer Service,F,111944,03-02-1995,01-02-2001,1990,0
Customer Service,F,111944,03-02-1995,01-02-2001,1991,0
Customer Service,F,111944,03-02-1995,01-02-2001,1992,0
Customer Service,F,111944,03-02-1995,01-02-2001,1993,0
Customer Service,F,111944,03-02-1995,01-02-2001,1994,0
Customer Service,F,111944,03-02-1995,01-02-2001,1995,1
Customer Service,F,111944,03-02-1995,01-02-2001,1996,1
Customer Service,F,111944,03-02-1995,01-02-2001,1997,1
Customer Service,F,111944,03-02-1995,01-02-2001,1998,1
Customer Service,F,111944,03-02-1995,01-02-2001,1999,1
Customer Service,F,111944,03-02-1995,01-02-2001,2000,1
Customer Service,F,111945,01-02-1994,31-01-1999,1990,0
Customer Service,F,111945,01-02-1994,31-01-1999,1991,0
Customer Service,F,111945,01-02-1994,31-01-1999,1992,0
Customer Service,F,111945,01-02-1994,31-01-1999,1993,0
Customer Service,F,111945,01-02-1994,31-01-1999,1994,1
Customer Service,F,111945,01-02-1994,31-01-1999,1995,1
Customer Service,F,111945,01-02-1994,31-01-1999,1996,1
Customer Service,F,111945,01-02-1994,31-01-1999,1997,1
Customer Service,F,111945,01-02-1994,31-01-1999,1998,1
Customer Service,F,111945,01-02-1994,31-01-1999,1999,1
Customer Service,F,111945,01-02-1994,31-01-1999,2000,0
Customer Service,M,111946,01-02-1995,31-01-2000,1990,0
Customer Service,M,111946,01-02-1995,31-01-2000,1991,0
Customer Service,M,111946,01-02-1995,31-01-2000,1992,0
Customer Service,M,111946,01-02-1995,31-01-2000,1993,0
Customer Service,M,111946,01-02-1995,31-01-2000,1994,0
Customer Service,M,111946,01-02-1995,31-01-2000,1995,1
Customer Service,M,111946,01-02-1995,31-01-2000,1996,1
Customer Service,M,111946,01-02-1995,31-01-2000,1997,1
Customer Service,M,111946,01-02-1995,31-01-2000,1998,1
Customer Service,M,111946,01-02-1995,31-01-2000,1999,1
Customer Service,M,111946,01-02-1995,31-01-2000,2000,1
Customer Service,M,111947,01-02-1996,30-01-2001,1990,0
Customer Service,M,111947,01-02-1996,30-01-2001,1991,0
Customer Service,M,111947,01-02-1996,30-01-2001,1992,0
Customer Service,M,111947,01-02-1996,30-01-2001,1993,0
Customer Service,M,111947,01-02-1996,30-01-2001,1994,0
Customer Service,M,111947,01-02-1996,30-01-2001,1995,0
Customer Service,M,111947,01-02-1996,30-01-2001,1996,1
Customer Service,M,111947,01-02-1996,30-01-2001,1997,1
Customer Service,M,111947,01-02-1996,30-01-2001,1998,1
Customer Service,M,111947,01-02-1996,30-01-2001,1999,1
Customer Service,M,111947,01-02-1996,30-01-2001,2000,1
Customer Service,F,111948,31-01-1997,30-01-2002,1990,0
Customer Service,F,111948,31-01-1997,30-01-2002,1991,0
Customer Service,F,111948,31-01-1997,30-01-2002,1992,0
Customer Service,F,111948,31-01-1997,30-01-2002,1993,0
Customer Service,F,111948,31-01-1997,30-01-2002,1994,0
Customer Service,F,111948,31-01-1997,30-01-2002,1995,0
Customer Service,F,111948,31-01-1997,30-01-2002,1996,0
Customer Service,F,111948,31-01-1997,30-01-2002,1997,1
Customer Service,F,111948,31-01-1997,30-01-2002,1998,1
Customer Service,F,111948,31-01-1997,30-01-2002,1999,1
Customer Service,F,111948,31-01-1997,30-01-2002,2000,1
Customer Service,M,111949,22-01-1992,20-01-1998,1990,0
Customer Service,M,111949,22-01-1992,20-01-1998,1991,0
Customer Service,M,111949,22-01-1992,20-01-1998,1992,1
Customer Service,M,111949,22-01-1992,20-01-1998,1993,1
Customer Service,M,111949,22-01-1992,20-01-1998,1994,1
Customer Service,M,111949,22-01-1992,20-01-1998,1995,1
Customer Service,M,111949,22-01-1992,20-01-1998,1996,1
Customer Service,M,111949,22-01-1992,20-01-1998,1997,1
Customer Service,M,111949,22-01-1992,20-01-1998,1998,1
Customer Service,M,111949,22-01-1992,20-01-1998,1999,0
Customer Service,M,111949,22-01-1992,20-01-1998,2000,0
Customer Service,F,111950,25-08-1993,24-08-1998,1990,0
Customer Service,F,111950,25-08-1993,24-08-1998,1991,0
Customer Service,F,111950,25-08-1993,24-08-1998,1992,0
Customer Service,F,111950,25-08-1993,24-08-1998,1993,1
Customer Service,F,111950,25-08-1993,24-08-1998,1994,1
Customer Service,F,111950,25-08-1993,24-08-1998,1995,1
Customer Service,F,111950,25-08-1993,24-08-1998,1996,1
Customer Service,F,111950,25-08-1993,24-08-1998,1997,1
Customer Service,F,111950,25-08-1993,24-08-1998,1998,1
Customer Service,F,111950,25-08-1993,24-08-1998,1999,0
Customer Service,F,111950,25-08-1993,24-08-1998,2000,0
Customer Service,F,111951,24-06-1990,22-06-1998,1990,1
Customer Service,F,111951,24-06-1990,22-06-1998,1991,1
Customer Service,F,111951,24-06-1990,22-06-1998,1992,1
Customer Service,F,111951,24-06-1990,22-06-1998,1993,1
Customer Service,F,111951,24-06-1990,22-06-1998,1994,1
Customer Service,F,111951,24-06-1990,22-06-1998,1995,1
Customer Service,F,111951,24-06-1990,22-06-1998,1996,1
Customer Service,F,111951,24-06-1990,22-06-1998,1997,1
Customer Service,F,111951,24-06-1990,22-06-1998,1998,1
Customer Service,F,111951,24-06-1990,22-06-1998,1999,0
Customer Service,F,111951,24-06-1990,22-06-1998,2000,0
Customer Service,M,111952,29-05-1994,27-05-2000,1990,0
Customer Service,M,111952,29-05-1994,27-05-2000,1991,0
Customer Service,M,111952,29-05-1994,27-05-2000,1992,0
Customer Service,M,111952,29-05-1994,27-05-2000,1993,0
Customer Service,M,111952,29-05-1994,27-05-2000,1994,1
Customer Service,M,111952,29-05-1994,27-05-2000,1995,1
Customer Service,M,111952,29-05-1994,27-05-2000,1996,1
Customer Service,M,111952,29-05-1994,27-05-2000,1997,1
Customer Service,M,111952,29-05-1994,27-05-2000,1998,1
Customer Service,M,111952,29-05-1994,27-05-2000,1999,1
Customer Service,M,111952,29-05-1994,27-05-2000,2000,1
Customer Service,M,112000,29-05-1998,23-06-2000,1990,0
Customer Service,M,112000,29-05-1998,23-06-2000,1991,0
Customer Service,M,112000,29-05-1998,23-06-2000,1992,0
Customer Service,M,112000,29-05-1998,23-06-2000,1993,0
Customer Service,M,112000,29-05-1998,23-06-2000,1994,0
Customer Service,M,112000,29-05-1998,23-06-2000,1995,0
Customer Service,M,112000,29-05-1998,23-06-2000,1996,0
Customer Service,M,112000,29-05-1998,23-06-2000,1997,0
Customer Service,M,112000,29-05-1998,23-06-2000,1998,1
Customer Service,M,112000,29-05-1998,23-06-2000,1999,1
Customer Service,M,112000,29-05-1998,23-06-2000,2000,1
Customer Service,F,112001,29-05-1999,27-06-2000,1990,0
Customer Service,F,112001,29-05-1999,27-06-2000,1991,0
Customer Service,F,112001,29-05-1999,27-06-2000,1992,0
Customer Service,F,112001,29-05-1999,27-06-2000,1993,0
Customer Service,F,112001,29-05-1999,27-06-2000,1994,0
Customer Service,F,112001,29-05-1999,27-06-2000,1995,0
Customer Service,F,112001,29-05-1999,27-06-2000,1996,0
Customer Service,F,112001,29-05-1999,27-06-2000,1997,0
Customer Service,F,112001,29-05-1999,27-06-2000,1998,0
Customer Service,F,112001,29-05-1999,27-06-2000,1999,1
Customer Service,F,112001,29-05-1999,27-06-2000,2000,1
Customer Service,F,112002,29-05-1999,22-01-2002,1990,0
Customer Service,F,112002,29-05-1999,22-01-2002,1991,0
Customer Service,F,112002,29-05-1999,22-01-2002,1992,0
Customer Service,F,112002,29-05-1999,22-01-2002,1993,0
Customer Service,F,112002,29-05-1999,22-01-2002,1994,0
Customer Service,F,112002,29-05-1999,22-01-2002,1995,0
Customer Service,F,112002,29-05-1999,22-01-2002,1996,0
Customer Service,F,112002,29-05-1999,22-01-2002,1997,0
Customer Service,F,112002,29-05-1999,22-01-2002,1998,0
Customer Service,F,112002,29-05-1999,22-01-2002,1999,1
Customer Service,F,112002,29-05-1999,22-01-2002,2000,1
Customer Service,F,112003,29-05-2000,14-10-2008,1990,0
Customer Service,F,112003,29-05-2000,14-10-2008,1991,0
Customer Service,F,112003,29-05-2000,14-10-2008,1992,0
Customer Service,F,112003,29-05-2000,14-10-2008,1993,0
Customer Service,F,112003,29-05-2000,14-10-2008,1994,0
Customer Service,F,112003,29-05-2000,14-10-2008,1995,0
Customer Service,F,112003,29-05-2000,14-10-2008,1996,0
Customer Service,F,112003,29-05-2000,14-10-2008,1997,0
Customer Service,F,112003,29-05-2000,14-10-2008,1998,0
Customer Service,F,112003,29-05-2000,14-10-2008,1999,0
Customer Service,F,112003,29-05-2000,14-10-2008,2000,1
Customer Service,M,112004,29-05-2000,15-01-2009,1990,0
Customer Service,M,112004,29-05-2000,15-01-2009,1991,0
Customer Service,M,112004,29-05-2000,15-01-2009,1992,0
Customer Service,M,112004,29-05-2000,15-01-2009,1993,0
Customer Service,M,112004,29-05-2000,15-01-2009,1994,0
Customer Service,M,112004,29-05-2000,15-01-2009,1995,0
Customer Service,M,112004,29-05-2000,15-01-2009,1996,0
Customer Service,M,112004,29-05-2000,15-01-2009,1997,0
Customer Service,M,112004,29-05-2000,15-01-2009,1998,0
Customer Service,M,112004,29-05-2000,15-01-2009,1999,0
Customer Service,M,112004,29-05-2000,15-01-2009,2000,1
